Tabela,Data,Kurs Å›redni,Zmiana
211/A/NBP/2021,2021-10-29,3.9664,-0.69
210/A/NBP/2021,2021-10-28,3.9938,0.31
209/A/NBP/2021,2021-10-27,3.9815,0.19
208/A/NBP/2021,2021-10-26,3.974,0.6
207/A/NBP/2021,2021-10-25,3.9502,-0.19
206/A/NBP/2021,2021-10-22,3.9576,0.32
205/A/NBP/2021,2021-10-21,3.9449,0.05
204/A/NBP/2021,2021-10-20,3.9428,0.55
203/A/NBP/2021,2021-10-19,3.9212,-0.66
202/A/NBP/2021,2021-10-18,3.9471,0.15
201/A/NBP/2021,2021-10-15,3.9413,0.03
200/A/NBP/2021,2021-10-14,3.9403,-0.59
199/A/NBP/2021,2021-10-13,3.9638,-0.07
198/A/NBP/2021,2021-10-12,3.9664,-0.5
197/A/NBP/2021,2021-10-11,3.9862,0.22
196/A/NBP/2021,2021-10-08,3.9775,1.12
195/A/NBP/2021,2021-10-07,3.9334,-1.65
194/A/NBP/2021,2021-10-06,3.9992,0.77
193/A/NBP/2021,2021-10-05,3.9688,0.81
192/A/NBP/2021,2021-10-04,3.9368,-0.78
191/A/NBP/2021,2021-10-01,3.9678,-0.62
190/A/NBP/2021,2021-09-30,3.9925,0.61
189/A/NBP/2021,2021-09-29,3.9684,0.35
188/A/NBP/2021,2021-09-28,3.9546,0.69
187/A/NBP/2021,2021-09-27,3.9276,0.02
186/A/NBP/2021,2021-09-24,3.9268,0.03
185/A/NBP/2021,2021-09-23,3.9256,-0.52
184/A/NBP/2021,2021-09-22,3.946,0.31
183/A/NBP/2021,2021-09-21,3.9337,0.14
182/A/NBP/2021,2021-09-20,3.9282,1.03
181/A/NBP/2021,2021-09-17,3.8882,0.09
180/A/NBP/2021,2021-09-16,3.8847,0.97
179/A/NBP/2021,2021-09-15,3.8475,-0.17
178/A/NBP/2021,2021-09-14,3.8542,0.12
177/A/NBP/2021,2021-09-13,3.8495,0.24
176/A/NBP/2021,2021-09-10,3.8402,0.29
175/A/NBP/2021,2021-09-09,3.8292,0.21
174/A/NBP/2021,2021-09-08,3.8213,0.45
173/A/NBP/2021,2021-09-07,3.8041,0
172/A/NBP/2021,2021-09-06,3.8041,0.11
171/A/NBP/2021,2021-09-03,3.7998,-0.12
170/A/NBP/2021,2021-09-02,3.8044,-0.51
169/A/NBP/2021,2021-09-01,3.8238,-0.39
168/A/NBP/2021,2021-08-31,3.8386,-0.87
167/A/NBP/2021,2021-08-30,3.8724,-0.65
166/A/NBP/2021,2021-08-27,3.8978,0.17
165/A/NBP/2021,2021-08-26,3.8912,0.11
164/A/NBP/2021,2021-08-25,3.8869,-0.56
163/A/NBP/2021,2021-08-24,3.9086,-0.05
162/A/NBP/2021,2021-08-23,3.9107,-0.49
161/A/NBP/2021,2021-08-20,3.9301,0.19
160/A/NBP/2021,2021-08-19,3.9226,0.94
159/A/NBP/2021,2021-08-18,3.8861,0.16
158/A/NBP/2021,2021-08-17,3.8797,0.17
157/A/NBP/2021,2021-08-16,3.873,-0.52
156/A/NBP/2021,2021-08-13,3.8934,-0.36
155/A/NBP/2021,2021-08-12,3.9074,-0.19
154/A/NBP/2021,2021-08-11,3.9148,0.54
153/A/NBP/2021,2021-08-10,3.8937,0.13
152/A/NBP/2021,2021-08-09,3.8885,0.95
151/A/NBP/2021,2021-08-06,3.8519,0.09
150/A/NBP/2021,2021-08-05,3.8485,0.31
149/A/NBP/2021,2021-08-04,3.8366,0.13
148/A/NBP/2021,2021-08-03,3.8315,-0.16
147/A/NBP/2021,2021-08-02,3.8377,-0.09
146/A/NBP/2021,2021-07-30,3.841,-0.54
145/A/NBP/2021,2021-07-29,3.8617,-0.6
144/A/NBP/2021,2021-07-28,3.8849,-0.43
143/A/NBP/2021,2021-07-27,3.9017,0.26
142/A/NBP/2021,2021-07-26,3.8915,0.16
141/A/NBP/2021,2021-07-23,3.8851,0.13
140/A/NBP/2021,2021-07-22,3.8801,-0.6
139/A/NBP/2021,2021-07-21,3.9035,0.06
138/A/NBP/2021,2021-07-20,3.9012,0.11
137/A/NBP/2021,2021-07-19,3.8968,0.41
136/A/NBP/2021,2021-07-16,3.8808,0.46
135/A/NBP/2021,2021-07-15,3.8629,-0.84
134/A/NBP/2021,2021-07-14,3.8955,1.1
133/A/NBP/2021,2021-07-13,3.8533,0.4
132/A/NBP/2021,2021-07-12,3.8378,-0.13
131/A/NBP/2021,2021-07-09,3.8427,0.05
130/A/NBP/2021,2021-07-08,3.8408,0.48
129/A/NBP/2021,2021-07-07,3.8225,0.54
128/A/NBP/2021,2021-07-06,3.8021,0.11
127/A/NBP/2021,2021-07-05,3.7979,-0.74
126/A/NBP/2021,2021-07-02,3.8263,0.3
125/A/NBP/2021,2021-07-01,3.8149,0.3
124/A/NBP/2021,2021-06-30,3.8035,0.32
123/A/NBP/2021,2021-06-29,3.7914,0.4
122/A/NBP/2021,2021-06-28,3.7762,0.03
121/A/NBP/2021,2021-06-25,3.7749,-0.62
120/A/NBP/2021,2021-06-24,3.7986,0.29
119/A/NBP/2021,2021-06-23,3.7878,-0.67
118/A/NBP/2021,2021-06-22,3.8132,-0.21
117/A/NBP/2021,2021-06-21,3.8214,0.04
116/A/NBP/2021,2021-06-18,3.8198,0.7
115/A/NBP/2021,2021-06-17,3.7931,1.59
114/A/NBP/2021,2021-06-16,3.7336,-0.03
113/A/NBP/2021,2021-06-15,3.7349,0.44
112/A/NBP/2021,2021-06-14,3.7185,1.16
111/A/NBP/2021,2021-06-11,3.6759,-0.17
110/A/NBP/2021,2021-06-10,3.6821,0.76
109/A/NBP/2021,2021-06-09,3.6545,-0.4
108/A/NBP/2021,2021-06-08,3.669,0.09
107/A/NBP/2021,2021-06-07,3.6656,-0.74
106/A/NBP/2021,2021-06-04,3.6931,0.74
105/A/NBP/2021,2021-06-02,3.6659,0.19
104/A/NBP/2021,2021-06-01,3.659,-0.36
103/A/NBP/2021,2021-05-31,3.6724,-0.11
102/A/NBP/2021,2021-05-28,3.6766,-0.44
101/A/NBP/2021,2021-05-27,3.6929,0.65
100/A/NBP/2021,2021-05-26,3.6691,0.39
99/A/NBP/2021,2021-05-25,3.6549,-0.67
98/A/NBP/2021,2021-05-24,3.6795,0.05
97/A/NBP/2021,2021-05-21,3.6778,-0.81
96/A/NBP/2021,2021-05-20,3.7077,-0.03
95/A/NBP/2021,2021-05-19,3.7087,0.1
94/A/NBP/2021,2021-05-18,3.705,-0.64
93/A/NBP/2021,2021-05-17,3.7288,-0.23
92/A/NBP/2021,2021-05-14,3.7374,-0.8
91/A/NBP/2021,2021-05-13,3.7675,0.58
90/A/NBP/2021,2021-05-12,3.7456,-0.15
89/A/NBP/2021,2021-05-11,3.7514,0.06
88/A/NBP/2021,2021-05-10,3.7493,-0.97
87/A/NBP/2021,2021-05-07,3.7861,-0.54
86/A/NBP/2021,2021-05-06,3.8066,-0.18
85/A/NBP/2021,2021-05-05,3.8136,0.52
84/A/NBP/2021,2021-05-04,3.794,0.51
83/A/NBP/2021,2021-04-30,3.7746,-0.11
82/A/NBP/2021,2021-04-29,3.7786,-0.4
81/A/NBP/2021,2021-04-28,3.7939,0.3
80/A/NBP/2021,2021-04-27,3.7826,0.45
79/A/NBP/2021,2021-04-26,3.7657,-0.52
78/A/NBP/2021,2021-04-23,3.7855,-0.08
77/A/NBP/2021,2021-04-22,3.7885,-0.17
76/A/NBP/2021,2021-04-21,3.795,0.56
75/A/NBP/2021,2021-04-20,3.7737,-0.21
74/A/NBP/2021,2021-04-19,3.7816,-0.43
73/A/NBP/2021,2021-04-16,3.7978,-0.09
72/A/NBP/2021,2021-04-15,3.8014,-0.13
71/A/NBP/2021,2021-04-14,3.8065,-0.72
70/A/NBP/2021,2021-04-13,3.8342,0.52
69/A/NBP/2021,2021-04-12,3.8144,-0.17
68/A/NBP/2021,2021-04-09,3.8208,-0.41
67/A/NBP/2021,2021-04-08,3.8365,-0.64
66/A/NBP/2021,2021-04-07,3.8611,-0.93
65/A/NBP/2021,2021-04-06,3.8973,-0.03
64/A/NBP/2021,2021-04-02,3.8986,-1.12
63/A/NBP/2021,2021-04-01,3.9428,-0.63
62/A/NBP/2021,2021-03-31,3.9676,0.18
61/A/NBP/2021,2021-03-30,3.9604,0.09
60/A/NBP/2021,2021-03-29,3.957,0.67
59/A/NBP/2021,2021-03-26,3.9307,0.14
58/A/NBP/2021,2021-03-25,3.9253,0.4
57/A/NBP/2021,2021-03-24,3.9098,0.91
56/A/NBP/2021,2021-03-23,3.8746,-0.06
55/A/NBP/2021,2021-03-22,3.8768,-0.25
54/A/NBP/2021,2021-03-19,3.8865,0.41
53/A/NBP/2021,2021-03-18,3.8705,0.07
52/A/NBP/2021,2021-03-17,3.8676,0.41
51/A/NBP/2021,2021-03-16,3.8519,0.23
50/A/NBP/2021,2021-03-15,3.8429,-0.24
49/A/NBP/2021,2021-03-12,3.8521,0.61
48/A/NBP/2021,2021-03-11,3.8287,-0.35
47/A/NBP/2021,2021-03-10,3.842,-0.23
46/A/NBP/2021,2021-03-09,3.8507,-0.41
45/A/NBP/2021,2021-03-08,3.8665,0.71
44/A/NBP/2021,2021-03-05,3.8393,1.43
43/A/NBP/2021,2021-03-04,3.7851,0.91
42/A/NBP/2021,2021-03-03,3.7509,-0.68
41/A/NBP/2021,2021-03-02,3.7765,0.51
40/A/NBP/2021,2021-03-01,3.7572,0.87
39/A/NBP/2021,2021-02-26,3.7247,0.82
38/A/NBP/2021,2021-02-25,3.6943,-0.54
37/A/NBP/2021,2021-02-24,3.7145,0.08
36/A/NBP/2021,2021-02-23,3.7117,-0.05
35/A/NBP/2021,2021-02-22,3.7135,0.37
34/A/NBP/2021,2021-02-19,3.6997,-0.42
33/A/NBP/2021,2021-02-18,3.7152,-0.36
32/A/NBP/2021,2021-02-17,3.7287,0.94
31/A/NBP/2021,2021-02-16,3.694,-0.02
30/A/NBP/2021,2021-02-15,3.6949,-0.64
29/A/NBP/2021,2021-02-12,3.7186,0.19
28/A/NBP/2021,2021-02-11,3.7117,0.39
27/A/NBP/2021,2021-02-10,3.6973,0
26/A/NBP/2021,2021-02-09,3.6972,-0.88
25/A/NBP/2021,2021-02-08,3.7301,-0.67
24/A/NBP/2021,2021-02-05,3.7554,0.12
23/A/NBP/2021,2021-02-04,3.7509,0.42
22/A/NBP/2021,2021-02-03,3.7352,0.11
21/A/NBP/2021,2021-02-02,3.7311,-0.03
20/A/NBP/2021,2021-02-01,3.7323,-0.37
19/A/NBP/2021,2021-01-29,3.746,-0.28
18/A/NBP/2021,2021-01-28,3.7566,0.16
17/A/NBP/2021,2021-01-27,3.7507,-0.01
16/A/NBP/2021,2021-01-26,3.7512,0.29
15/A/NBP/2021,2021-01-25,3.7402,0.39
14/A/NBP/2021,2021-01-22,3.7255,-0.15
13/A/NBP/2021,2021-01-21,3.7312,0.02
12/A/NBP/2021,2021-01-20,3.7303,-0.3
11/A/NBP/2021,2021-01-19,3.7416,-0.75
10/A/NBP/2021,2021-01-18,3.7699,0.62
9/A/NBP/2021,2021-01-15,3.7466,0.38
8/A/NBP/2021,2021-01-14,3.7323,0.49
7/A/NBP/2021,2021-01-13,3.7142,-0.12
6/A/NBP/2021,2021-01-12,3.7188,-0.22
5/A/NBP/2021,2021-01-11,3.7271,0.95
4/A/NBP/2021,2021-01-08,3.6919,0.72
3/A/NBP/2021,2021-01-07,3.6656,-1.01
2/A/NBP/2021,2021-01-05,3.7031,0.09
1/A/NBP/2021,2021-01-04,3.6998,-1.56
255/A/NBP/2020,2020-12-31,3.7584,1.85
254/A/NBP/2020,2020-12-30,3.6901,0.33
253/A/NBP/2020,2020-12-29,3.6778,0.38
252/A/NBP/2020,2020-12-28,3.6639,-0.92
251/A/NBP/2020,2020-12-24,3.6981,0.17
250/A/NBP/2020,2020-12-23,3.6919,-0.01
249/A/NBP/2020,2020-12-22,3.6921,-0.43
248/A/NBP/2020,2020-12-21,3.7082,2.09
247/A/NBP/2020,2020-12-18,3.6322,0.19
246/A/NBP/2020,2020-12-17,3.6254,-0.22
245/A/NBP/2020,2020-12-16,3.6334,-0.6
244/A/NBP/2020,2020-12-15,3.6554,0.02
243/A/NBP/2020,2020-12-14,3.6548,-0.22
242/A/NBP/2020,2020-12-11,3.663,0.15
241/A/NBP/2020,2020-12-10,3.6574,-0.23
240/A/NBP/2020,2020-12-09,3.6657,-0.7
239/A/NBP/2020,2020-12-08,3.6914,-0.24
238/A/NBP/2020,2020-12-07,3.7001,0.64
237/A/NBP/2020,2020-12-04,3.6765,-0.58
236/A/NBP/2020,2020-12-03,3.6981,-0.15
235/A/NBP/2020,2020-12-02,3.7038,-0.88
234/A/NBP/2020,2020-12-01,3.7367,0.01
233/A/NBP/2020,2020-11-30,3.7364,-0.66
232/A/NBP/2020,2020-11-27,3.7614,0.07
231/A/NBP/2020,2020-11-26,3.7586,0.08
230/A/NBP/2020,2020-11-25,3.7556,-0.18
229/A/NBP/2020,2020-11-24,3.7625,0.02
228/A/NBP/2020,2020-11-23,3.7616,-0.16
227/A/NBP/2020,2020-11-20,3.7677,-0.51
226/A/NBP/2020,2020-11-19,3.7872,0.67
225/A/NBP/2020,2020-11-18,3.7621,-0.68
224/A/NBP/2020,2020-11-17,3.7877,0.25
223/A/NBP/2020,2020-11-16,3.7782,-0.61
222/A/NBP/2020,2020-11-13,3.8015,0.05
221/A/NBP/2020,2020-11-12,3.7995,-0.45
220/A/NBP/2020,2020-11-10,3.8168,1.01
219/A/NBP/2020,2020-11-09,3.7787,-1.07
218/A/NBP/2020,2020-11-06,3.8194,-0.41
217/A/NBP/2020,2020-11-05,3.8353,-1.65
216/A/NBP/2020,2020-11-04,3.8996,-0.19
215/A/NBP/2020,2020-11-03,3.9069,-1.23
214/A/NBP/2020,2020-11-02,3.9557,-0.02
213/A/NBP/2020,2020-10-30,3.9563,0.15
212/A/NBP/2020,2020-10-29,3.9505,0.49
211/A/NBP/2020,2020-10-28,3.9313,1.17
210/A/NBP/2020,2020-10-27,3.886,0.26
209/A/NBP/2020,2020-10-26,3.8759,0.24
208/A/NBP/2020,2020-10-23,3.8665,-0.18
207/A/NBP/2020,2020-10-22,3.8734,0.07
206/A/NBP/2020,2020-10-21,3.8706,-0.57
205/A/NBP/2020,2020-10-20,3.8926,0.43
204/A/NBP/2020,2020-10-19,3.8761,-0.55
203/A/NBP/2020,2020-10-16,3.8976,0.19
202/A/NBP/2020,2020-10-15,3.8904,1.57
201/A/NBP/2020,2020-10-14,3.8301,0.97
200/A/NBP/2020,2020-10-13,3.7932,0.01
199/A/NBP/2020,2020-10-12,3.7927,0.04
198/A/NBP/2020,2020-10-09,3.7913,-0.69
197/A/NBP/2020,2020-10-08,3.8175,0.13
196/A/NBP/2020,2020-10-07,3.8126,-0.14
195/A/NBP/2020,2020-10-06,3.818,-0.19
194/A/NBP/2020,2020-10-05,3.8252,-0.3
193/A/NBP/2020,2020-10-02,3.8366,-0.38
192/A/NBP/2020,2020-10-01,3.8513,-0.38
191/A/NBP/2020,2020-09-30,3.8658,-1.45
190/A/NBP/2020,2020-09-29,3.9228,0.37
189/A/NBP/2020,2020-09-28,3.9083,0.17
188/A/NBP/2020,2020-09-25,3.9016,0.47
187/A/NBP/2020,2020-09-24,3.8833,1.13
186/A/NBP/2020,2020-09-23,3.8399,0.1
185/A/NBP/2020,2020-09-22,3.8359,1.04
184/A/NBP/2020,2020-09-21,3.7963,1.01
183/A/NBP/2020,2020-09-18,3.7585,-0.34
182/A/NBP/2020,2020-09-17,3.7713,0.5
181/A/NBP/2020,2020-09-16,3.7526,0.22
180/A/NBP/2020,2020-09-15,3.7445,-0.21
179/A/NBP/2020,2020-09-14,3.7522,-0.03
178/A/NBP/2020,2020-09-11,3.7534,-0.2
177/A/NBP/2020,2020-09-10,3.761,-0.69
176/A/NBP/2020,2020-09-09,3.7871,0.58
175/A/NBP/2020,2020-09-08,3.7652,-0.04
174/A/NBP/2020,2020-09-07,3.7666,0.35
173/A/NBP/2020,2020-09-04,3.7533,0.52
172/A/NBP/2020,2020-09-03,3.7337,0.39
171/A/NBP/2020,2020-09-02,3.7191,1.32
170/A/NBP/2020,2020-09-01,3.6707,-0.59
169/A/NBP/2020,2020-08-31,3.6924,-0.16
168/A/NBP/2020,2020-08-28,3.6983,-0.81
167/A/NBP/2020,2020-08-27,3.7286,0.05
166/A/NBP/2020,2020-08-26,3.7269,0.34
165/A/NBP/2020,2020-08-25,3.7144,-0.35
164/A/NBP/2020,2020-08-24,3.7273,0.29
163/A/NBP/2020,2020-08-21,3.7164,0
162/A/NBP/2020,2020-08-20,3.7164,1.18
161/A/NBP/2020,2020-08-19,3.6732,-0.44
160/A/NBP/2020,2020-08-18,3.6895,-0.49
159/A/NBP/2020,2020-08-17,3.7076,-0.41
158/A/NBP/2020,2020-08-14,3.7227,0.14
157/A/NBP/2020,2020-08-13,3.7176,-1.02
156/A/NBP/2020,2020-08-12,3.7558,0.45
155/A/NBP/2020,2020-08-11,3.739,-0.01
154/A/NBP/2020,2020-08-10,3.7393,0.24
153/A/NBP/2020,2020-08-07,3.7302,0.17
152/A/NBP/2020,2020-08-06,3.724,0.26
151/A/NBP/2020,2020-08-05,3.7143,-0.59
150/A/NBP/2020,2020-08-04,3.7364,-0.36
149/A/NBP/2020,2020-08-03,3.7499,0.9
148/A/NBP/2020,2020-07-31,3.7166,-1.02
147/A/NBP/2020,2020-07-30,3.7549,-0.16
146/A/NBP/2020,2020-07-29,3.761,0.21
145/A/NBP/2020,2020-07-28,3.7532,-0.29
144/A/NBP/2020,2020-07-27,3.7643,-1.02
143/A/NBP/2020,2020-07-24,3.8029,-0.08
142/A/NBP/2020,2020-07-23,3.806,-1.23
141/A/NBP/2020,2020-07-22,3.8534,-0.72
140/A/NBP/2020,2020-07-21,3.8812,-0.47
139/A/NBP/2020,2020-07-20,3.8997,-0.68
138/A/NBP/2020,2020-07-17,3.9263,-0.4
137/A/NBP/2020,2020-07-16,3.9422,0.78
136/A/NBP/2020,2020-07-15,3.9117,-1.14
135/A/NBP/2020,2020-07-14,3.957,0.02
134/A/NBP/2020,2020-07-13,3.9564,-0.21
133/A/NBP/2020,2020-07-10,3.9646,0.41
132/A/NBP/2020,2020-07-09,3.9486,-0.45
131/A/NBP/2020,2020-07-08,3.9666,-0.06
130/A/NBP/2020,2020-07-07,3.9689,0.26
129/A/NBP/2020,2020-07-06,3.9588,-0.44
128/A/NBP/2020,2020-07-03,3.9764,0.6
127/A/NBP/2020,2020-07-02,3.9528,-0.16
126/A/NBP/2020,2020-07-01,3.9591,-0.54
125/A/NBP/2020,2020-06-30,3.9806,0.38
124/A/NBP/2020,2020-06-29,3.9656,-0.1
123/A/NBP/2020,2020-06-26,3.9697,0.19
122/A/NBP/2020,2020-06-25,3.9623,0.58
121/A/NBP/2020,2020-06-24,3.9395,0.21
120/A/NBP/2020,2020-06-23,3.9311,-0.9
119/A/NBP/2020,2020-06-22,3.9667,-0.19
118/A/NBP/2020,2020-06-19,3.9741,0.38
117/A/NBP/2020,2020-06-18,3.9589,0.14
116/A/NBP/2020,2020-06-17,3.9532,1.21
115/A/NBP/2020,2020-06-16,3.9058,-0.9
114/A/NBP/2020,2020-06-15,3.9413,0.29
113/A/NBP/2020,2020-06-12,3.9299,0.3
112/A/NBP/2020,2020-06-10,3.918,-0.69
111/A/NBP/2020,2020-06-09,3.9453,0.65
110/A/NBP/2020,2020-06-08,3.9197,-0.05
109/A/NBP/2020,2020-06-05,3.9217,-0.9
108/A/NBP/2020,2020-06-04,3.9573,1.16
107/A/NBP/2020,2020-06-03,3.9121,-0.46
106/A/NBP/2020,2020-06-02,3.9303,-0.95
105/A/NBP/2020,2020-06-01,3.968,-0.88
104/A/NBP/2020,2020-05-29,4.0031,-0.53
103/A/NBP/2020,2020-05-28,4.0244,-0.64
102/A/NBP/2020,2020-05-27,4.0504,-0.93
101/A/NBP/2020,2020-05-26,4.0885,-1.31
100/A/NBP/2020,2020-05-25,4.1428,-0.18
99/A/NBP/2020,2020-05-22,4.1503,0.38
98/A/NBP/2020,2020-05-21,4.1346,-0.66
97/A/NBP/2020,2020-05-20,4.1619,-0.06
96/A/NBP/2020,2020-05-19,4.1645,-1.37
95/A/NBP/2020,2020-05-18,4.2224,0.21
94/A/NBP/2020,2020-05-15,4.2135,-0.32
93/A/NBP/2020,2020-05-14,4.2269,0.38
92/A/NBP/2020,2020-05-13,4.2111,0.04
91/A/NBP/2020,2020-05-12,4.2095,-0.07
90/A/NBP/2020,2020-05-11,4.2126,0.15
89/A/NBP/2020,2020-05-08,4.2065,-0.23
88/A/NBP/2020,2020-05-07,4.2162,0.33
87/A/NBP/2020,2020-05-06,4.2022,0.23
86/A/NBP/2020,2020-05-05,4.1927,0.67
85/A/NBP/2020,2020-05-04,4.1646,-0.2
84/A/NBP/2020,2020-04-30,4.1729,-0.19
83/A/NBP/2020,2020-04-29,4.1807,-0.08
82/A/NBP/2020,2020-04-28,4.184,0.35
81/A/NBP/2020,2020-04-27,4.1696,-1.06
80/A/NBP/2020,2020-04-24,4.2142,0.12
79/A/NBP/2020,2020-04-23,4.2093,0.86
78/A/NBP/2020,2020-04-22,4.1736,-0.1
77/A/NBP/2020,2020-04-21,4.1779,0.61
76/A/NBP/2020,2020-04-20,4.1525,-0.86
75/A/NBP/2020,2020-04-17,4.1886,0.61
74/A/NBP/2020,2020-04-16,4.1631,0.27
73/A/NBP/2020,2020-04-15,4.1519,-0.35
72/A/NBP/2020,2020-04-14,4.1666,0.24
71/A/NBP/2020,2020-04-10,4.1566,-0.43
70/A/NBP/2020,2020-04-09,4.1744,-0.14
69/A/NBP/2020,2020-04-08,4.1801,0.2
68/A/NBP/2020,2020-04-07,4.1717,-1.28
67/A/NBP/2020,2020-04-06,4.2257,-0.33
66/A/NBP/2020,2020-04-03,4.2396,1.14
65/A/NBP/2020,2020-04-02,4.1917,0.52
64/A/NBP/2020,2020-04-01,4.1701,0.57
63/A/NBP/2020,2020-03-31,4.1466,1.3
62/A/NBP/2020,2020-03-30,4.0933,-0.47
61/A/NBP/2020,2020-03-27,4.1127,-2.05
60/A/NBP/2020,2020-03-26,4.1988,-0.55
59/A/NBP/2020,2020-03-25,4.222,-0.47
58/A/NBP/2020,2020-03-24,4.2421,-0.55
57/A/NBP/2020,2020-03-23,4.2654,0.6
56/A/NBP/2020,2020-03-20,4.24,-0.05
55/A/NBP/2020,2020-03-19,4.2421,4.1
54/A/NBP/2020,2020-03-18,4.0749,0.71
53/A/NBP/2020,2020-03-17,4.046,3.13
52/A/NBP/2020,2020-03-16,3.9231,0.42
51/A/NBP/2020,2020-03-13,3.9067,1.1
50/A/NBP/2020,2020-03-12,3.8642,1.19
49/A/NBP/2020,2020-03-11,3.8186,0.34
48/A/NBP/2020,2020-03-10,3.8058,0.42
47/A/NBP/2020,2020-03-09,3.7899,-0.87
46/A/NBP/2020,2020-03-06,3.8231,-0.64
45/A/NBP/2020,2020-03-05,3.8479,-0.15
44/A/NBP/2020,2020-03-04,3.8536,-0.69
43/A/NBP/2020,2020-03-03,3.8804,-0.56
42/A/NBP/2020,2020-03-02,3.9023,-0.59
41/A/NBP/2020,2020-02-28,3.9255,-0.4
40/A/NBP/2020,2020-02-27,3.9413,-0.4
39/A/NBP/2020,2020-02-26,3.9573,-0.13
38/A/NBP/2020,2020-02-25,3.9624,-0.37
37/A/NBP/2020,2020-02-24,3.9772,0.38
36/A/NBP/2020,2020-02-21,3.9623,0.01
35/A/NBP/2020,2020-02-20,3.9621,0.16
34/A/NBP/2020,2020-02-19,3.9556,0.27
33/A/NBP/2020,2020-02-18,3.9448,0.66
32/A/NBP/2020,2020-02-17,3.9189,0.23
31/A/NBP/2020,2020-02-14,3.9098,-0.02
30/A/NBP/2020,2020-02-13,3.9104,0.24
29/A/NBP/2020,2020-02-12,3.901,-0.08
28/A/NBP/2020,2020-02-11,3.9041,0.12
27/A/NBP/2020,2020-02-10,3.8996,0.13
26/A/NBP/2020,2020-02-07,3.8947,0.71
25/A/NBP/2020,2020-02-06,3.8672,0.05
24/A/NBP/2020,2020-02-05,3.8654,-0.31
23/A/NBP/2020,2020-02-04,3.8773,-0.23
22/A/NBP/2020,2020-02-03,3.8864,-0.35
21/A/NBP/2020,2020-01-31,3.8999,0.37
20/A/NBP/2020,2020-01-30,3.8856,-0.04
19/A/NBP/2020,2020-01-29,3.8871,0.07
18/A/NBP/2020,2020-01-28,3.8844,0.31
17/A/NBP/2020,2020-01-27,3.8725,0.65
16/A/NBP/2020,2020-01-24,3.8475,0.44
15/A/NBP/2020,2020-01-23,3.8308,0.28
14/A/NBP/2020,2020-01-22,3.8202,-0.21
13/A/NBP/2020,2020-01-21,3.8284,0.02
12/A/NBP/2020,2020-01-20,3.8277,0.59
11/A/NBP/2020,2020-01-17,3.8053,0.22
10/A/NBP/2020,2020-01-16,3.7968,-0.06
9/A/NBP/2020,2020-01-15,3.7992,-0.07
8/A/NBP/2020,2020-01-14,3.8019,-0.22
7/A/NBP/2020,2020-01-13,3.8101,-0.45
6/A/NBP/2020,2020-01-10,3.8272,0.05
5/A/NBP/2020,2020-01-09,3.8251,0.34
4/A/NBP/2020,2020-01-08,3.8123,0.69
3/A/NBP/2020,2020-01-07,3.7861,-0.92
2/A/NBP/2020,2020-01-03,3.8213,0.56
1/A/NBP/2020,2020-01-02,3.8,0.06
251/A/NBP/2019,2019-12-31,3.7977,-0.13
250/A/NBP/2019,2019-12-30,3.8027,-0.62
249/A/NBP/2019,2019-12-27,3.8266,-0.57
248/A/NBP/2019,2019-12-24,3.8487,0.24
247/A/NBP/2019,2019-12-23,3.8394,0.22
246/A/NBP/2019,2019-12-20,3.8311,0.08
245/A/NBP/2019,2019-12-19,3.8281,-0.05
244/A/NBP/2019,2019-12-18,3.8302,0.24
243/A/NBP/2019,2019-12-17,3.8211,-0.26
242/A/NBP/2019,2019-12-16,3.8311,0.2
241/A/NBP/2019,2019-12-13,3.8234,-0.7
240/A/NBP/2019,2019-12-12,3.8505,-0.4
239/A/NBP/2019,2019-12-11,3.866,-0.13
238/A/NBP/2019,2019-12-10,3.8711,0.02
237/A/NBP/2019,2019-12-09,3.8704,0.53
236/A/NBP/2019,2019-12-06,3.85,-0.17
235/A/NBP/2019,2019-12-05,3.8566,-0.21
234/A/NBP/2019,2019-12-04,3.8647,-0.15
233/A/NBP/2019,2019-12-03,3.8706,-0.87
232/A/NBP/2019,2019-12-02,3.9047,-0.61
231/A/NBP/2019,2019-11-29,3.9288,0.09
230/A/NBP/2019,2019-11-28,3.9252,0.25
229/A/NBP/2019,2019-11-27,3.9154,0.29
228/A/NBP/2019,2019-11-26,3.9039,0.01
227/A/NBP/2019,2019-11-25,3.9036,0.47
226/A/NBP/2019,2019-11-22,3.8853,0.3
225/A/NBP/2019,2019-11-21,3.8737,-0.14
224/A/NBP/2019,2019-11-20,3.8792,0.02
223/A/NBP/2019,2019-11-19,3.8786,0.05
222/A/NBP/2019,2019-11-18,3.8767,-0.21
221/A/NBP/2019,2019-11-15,3.8848,-0.42
220/A/NBP/2019,2019-11-14,3.9011,0.28
219/A/NBP/2019,2019-11-13,3.8902,0.31
218/A/NBP/2019,2019-11-12,3.878,0.4
217/A/NBP/2019,2019-11-08,3.8625,0.32
216/A/NBP/2019,2019-11-07,3.8502,0.01
215/A/NBP/2019,2019-11-06,3.8497,0.49
214/A/NBP/2019,2019-11-05,3.8308,0.55
213/A/NBP/2019,2019-11-04,3.8099,-0.2
212/A/NBP/2019,2019-10-31,3.8174,-0.56
211/A/NBP/2019,2019-10-30,3.8388,-0.54
210/A/NBP/2019,2019-10-29,3.8598,0.18
209/A/NBP/2019,2019-10-28,3.8529,0.2
208/A/NBP/2019,2019-10-25,3.8452,0.01
207/A/NBP/2019,2019-10-24,3.8448,-0.06
206/A/NBP/2019,2019-10-23,3.8473,0.17
205/A/NBP/2019,2019-10-22,3.8408,0.26
204/A/NBP/2019,2019-10-21,3.8307,-0.51
203/A/NBP/2019,2019-10-18,3.8503,-0.35
202/A/NBP/2019,2019-10-17,3.8638,-0.76
201/A/NBP/2019,2019-10-16,3.8934,-0.05
200/A/NBP/2019,2019-10-15,3.8952,-0.02
199/A/NBP/2019,2019-10-14,3.8958,-0.48
198/A/NBP/2019,2019-10-11,3.9145,-0.21
197/A/NBP/2019,2019-10-10,3.9226,-0.4
196/A/NBP/2019,2019-10-09,3.9382,-0.06
195/A/NBP/2019,2019-10-08,3.9405,-0.24
194/A/NBP/2019,2019-10-07,3.9498,0.07
193/A/NBP/2019,2019-10-04,3.9469,-0.46
192/A/NBP/2019,2019-10-03,3.9652,-1.25
191/A/NBP/2019,2019-10-02,4.0152,0.01
190/A/NBP/2019,2019-10-01,4.0147,0.37
189/A/NBP/2019,2019-09-30,4,-0.38
188/A/NBP/2019,2019-09-27,4.0154,0.15
187/A/NBP/2019,2019-09-26,4.0092,0.59
186/A/NBP/2019,2019-09-25,3.9856,0.05
185/A/NBP/2019,2019-09-24,3.9838,-0.36
184/A/NBP/2019,2019-09-23,3.9983,1.69
183/A/NBP/2019,2019-09-20,3.9319,0.13
182/A/NBP/2019,2019-09-19,3.9267,-0.14
181/A/NBP/2019,2019-09-18,3.9322,-0.23
180/A/NBP/2019,2019-09-17,3.9412,0.76
179/A/NBP/2019,2019-09-16,3.9116,-0.01
178/A/NBP/2019,2019-09-13,3.912,-0.61
177/A/NBP/2019,2019-09-12,3.9362,0.1
176/A/NBP/2019,2019-09-11,3.9324,0.13
175/A/NBP/2019,2019-09-10,3.9273,-0.09
174/A/NBP/2019,2019-09-09,3.931,-0.01
173/A/NBP/2019,2019-09-06,3.9315,-0.04
172/A/NBP/2019,2019-09-05,3.933,-0.21
171/A/NBP/2019,2019-09-04,3.9414,-1.17
170/A/NBP/2019,2019-09-03,3.9882,0.16
169/A/NBP/2019,2019-09-02,3.9819,0.26
168/A/NBP/2019,2019-08-30,3.9717,0.33
167/A/NBP/2019,2019-08-29,3.9586,0.1
166/A/NBP/2019,2019-08-28,3.9548,0.61
165/A/NBP/2019,2019-08-27,3.9309,-0.07
164/A/NBP/2019,2019-08-26,3.9335,-0.09
163/A/NBP/2019,2019-08-23,3.9371,0.09
162/A/NBP/2019,2019-08-22,3.9337,0.32
161/A/NBP/2019,2019-08-21,3.921,-0.5
160/A/NBP/2019,2019-08-20,3.9408,0.53
159/A/NBP/2019,2019-08-19,3.9199,-0.21
158/A/NBP/2019,2019-08-16,3.9281,1.01
157/A/NBP/2019,2019-08-14,3.889,0.45
156/A/NBP/2019,2019-08-13,3.8714,0.01
155/A/NBP/2019,2019-08-12,3.8711,0.25
154/A/NBP/2019,2019-08-09,3.8613,0.19
153/A/NBP/2019,2019-08-08,3.8538,-0.15
152/A/NBP/2019,2019-08-07,3.8597,0.3
151/A/NBP/2019,2019-08-06,3.8482,-0.66
150/A/NBP/2019,2019-08-05,3.8739,-0.23
149/A/NBP/2019,2019-08-02,3.8829,-0.08
148/A/NBP/2019,2019-08-01,3.886,0.92
147/A/NBP/2019,2019-07-31,3.8504,0.03
146/A/NBP/2019,2019-07-30,3.8493,0.1
145/A/NBP/2019,2019-07-29,3.8453,0.41
144/A/NBP/2019,2019-07-26,3.8296,0.25
143/A/NBP/2019,2019-07-25,3.8199,-0.08
142/A/NBP/2019,2019-07-24,3.8229,0.61
141/A/NBP/2019,2019-07-23,3.7997,0.34
140/A/NBP/2019,2019-07-22,3.7869,0.04
139/A/NBP/2019,2019-07-19,3.7855,-0.21
138/A/NBP/2019,2019-07-18,3.7933,-0.28
137/A/NBP/2019,2019-07-17,3.8038,0.45
136/A/NBP/2019,2019-07-16,3.7867,0.03
135/A/NBP/2019,2019-07-15,3.7856,-0.09
134/A/NBP/2019,2019-07-12,3.7889,0.08
133/A/NBP/2019,2019-07-11,3.7859,-0.54
132/A/NBP/2019,2019-07-10,3.8066,-0.02
131/A/NBP/2019,2019-07-09,3.8074,0.57
130/A/NBP/2019,2019-07-08,3.7857,0.45
129/A/NBP/2019,2019-07-05,3.7689,0.19
128/A/NBP/2019,2019-07-04,3.7618,0.06
127/A/NBP/2019,2019-07-03,3.7596,0.01
126/A/NBP/2019,2019-07-02,3.7593,0.44
125/A/NBP/2019,2019-07-01,3.743,0.25
124/A/NBP/2019,2019-06-28,3.7336,-0.24
123/A/NBP/2019,2019-06-27,3.7426,-0.3
122/A/NBP/2019,2019-06-26,3.754,0.44
121/A/NBP/2019,2019-06-25,3.7376,0.04
120/A/NBP/2019,2019-06-24,3.736,-0.91
119/A/NBP/2019,2019-06-21,3.7705,-1.05
118/A/NBP/2019,2019-06-19,3.8104,0.02
117/A/NBP/2019,2019-06-18,3.8097,0.28
116/A/NBP/2019,2019-06-17,3.7989,0.69
115/A/NBP/2019,2019-06-14,3.7727,-0.02
114/A/NBP/2019,2019-06-13,3.7736,0.28
113/A/NBP/2019,2019-06-12,3.763,-0.24
112/A/NBP/2019,2019-06-11,3.7722,-0.06
111/A/NBP/2019,2019-06-10,3.7745,-0.56
110/A/NBP/2019,2019-06-07,3.7958,-0.28
109/A/NBP/2019,2019-06-06,3.8065,0.36
108/A/NBP/2019,2019-06-05,3.7929,-0.29
107/A/NBP/2019,2019-06-04,3.8041,-0.66
106/A/NBP/2019,2019-06-03,3.8292,-0.54
105/A/NBP/2019,2019-05-31,3.8498,-0.13
104/A/NBP/2019,2019-05-30,3.8548,-0.02
103/A/NBP/2019,2019-05-29,3.8554,0.44
102/A/NBP/2019,2019-05-28,3.8386,0.03
101/A/NBP/2019,2019-05-27,3.8374,-0.16
100/A/NBP/2019,2019-05-24,3.8436,-0.67
99/A/NBP/2019,2019-05-23,3.8696,0.2
98/A/NBP/2019,2019-05-22,3.862,-0.01
97/A/NBP/2019,2019-05-21,3.8625,0.21
96/A/NBP/2019,2019-05-20,3.8543,-0.01
95/A/NBP/2019,2019-05-17,3.8545,0.75
94/A/NBP/2019,2019-05-16,3.8259,-0.51
93/A/NBP/2019,2019-05-15,3.8457,0.35
92/A/NBP/2019,2019-05-14,3.8323,0.01
91/A/NBP/2019,2019-05-13,3.8321,0.21
90/A/NBP/2019,2019-05-10,3.8242,-0.44
89/A/NBP/2019,2019-05-09,3.841,0.22
88/A/NBP/2019,2019-05-08,3.8325,0.12
87/A/NBP/2019,2019-05-07,3.8278,-0.09
86/A/NBP/2019,2019-05-06,3.8313,0.36
85/A/NBP/2019,2019-05-02,3.8177,-0.3
84/A/NBP/2019,2019-04-30,3.8291,-0.46
83/A/NBP/2019,2019-04-29,3.8468,-0.1
82/A/NBP/2019,2019-04-26,3.8508,-0.08
81/A/NBP/2019,2019-04-25,3.8537,0.81
80/A/NBP/2019,2019-04-24,3.8229,0.29
79/A/NBP/2019,2019-04-23,3.8118,0.18
78/A/NBP/2019,2019-04-19,3.8051,0.13
77/A/NBP/2019,2019-04-18,3.8002,0.59
76/A/NBP/2019,2019-04-17,3.7778,-0.06
75/A/NBP/2019,2019-04-16,3.7802,0.03
74/A/NBP/2019,2019-04-15,3.7789,-0.29
73/A/NBP/2019,2019-04-12,3.7899,-0.17
72/A/NBP/2019,2019-04-11,3.7964,-0.16
71/A/NBP/2019,2019-04-10,3.8023,0.05
70/A/NBP/2019,2019-04-09,3.8003,-0.48
69/A/NBP/2019,2019-04-08,3.8188,-0.07
68/A/NBP/2019,2019-04-05,3.8215,0
67/A/NBP/2019,2019-04-04,3.8215,0.06
66/A/NBP/2019,2019-04-03,3.8192,-0.55
65/A/NBP/2019,2019-04-02,3.8403,0.36
64/A/NBP/2019,2019-04-01,3.8267,-0.26
63/A/NBP/2019,2019-03-29,3.8365,0.43
62/A/NBP/2019,2019-03-28,3.8202,0.23
61/A/NBP/2019,2019-03-27,3.8113,0.38
60/A/NBP/2019,2019-03-26,3.7969,0.01
59/A/NBP/2019,2019-03-25,3.7966,0.05
58/A/NBP/2019,2019-03-22,3.7948,0.98
57/A/NBP/2019,2019-03-21,3.7581,-0.49
56/A/NBP/2019,2019-03-20,3.7767,-0.15
55/A/NBP/2019,2019-03-19,3.7823,-0.14
54/A/NBP/2019,2019-03-18,3.7876,-0.36
53/A/NBP/2019,2019-03-15,3.8014,-0.01
52/A/NBP/2019,2019-03-14,3.8018,-0.15
51/A/NBP/2019,2019-03-13,3.8077,-0.1
50/A/NBP/2019,2019-03-12,3.8116,-0.22
49/A/NBP/2019,2019-03-11,3.8199,-0.55
48/A/NBP/2019,2019-03-08,3.8409,0.98
47/A/NBP/2019,2019-03-07,3.8038,0
46/A/NBP/2019,2019-03-06,3.8038,0.16
45/A/NBP/2019,2019-03-05,3.7977,0.22
44/A/NBP/2019,2019-03-04,3.7893,-0.07
43/A/NBP/2019,2019-03-01,3.792,0.18
42/A/NBP/2019,2019-02-28,3.7853,-0.09
41/A/NBP/2019,2019-02-27,3.7886,-0.62
40/A/NBP/2019,2019-02-26,3.8124,-0.31
39/A/NBP/2019,2019-02-25,3.8241,0
38/A/NBP/2019,2019-02-22,3.8242,-0.01
37/A/NBP/2019,2019-02-21,3.8247,0.07
36/A/NBP/2019,2019-02-20,3.8221,-0.23
35/A/NBP/2019,2019-02-19,3.8311,0.07
34/A/NBP/2019,2019-02-18,3.8286,-0.1
33/A/NBP/2019,2019-02-15,3.8326,-0.49
32/A/NBP/2019,2019-02-14,3.8516,0.67
31/A/NBP/2019,2019-02-13,3.8261,-0.31
30/A/NBP/2019,2019-02-12,3.838,0.5
29/A/NBP/2019,2019-02-11,3.819,0.39
28/A/NBP/2019,2019-02-08,3.804,0.32
27/A/NBP/2019,2019-02-07,3.7919,0.56
26/A/NBP/2019,2019-02-06,3.7706,0.44
25/A/NBP/2019,2019-02-05,3.7542,0.36
24/A/NBP/2019,2019-02-04,3.7408,0.44
23/A/NBP/2019,2019-02-01,3.7243,-0.08
22/A/NBP/2019,2019-01-31,3.7271,-0.81
21/A/NBP/2019,2019-01-30,3.7577,0.04
20/A/NBP/2019,2019-01-29,3.7563,-0.08
19/A/NBP/2019,2019-01-28,3.7592,-0.79
18/A/NBP/2019,2019-01-25,3.7893,0.13
17/A/NBP/2019,2019-01-24,3.7844,0.26
16/A/NBP/2019,2019-01-23,3.7747,0.05
15/A/NBP/2019,2019-01-22,3.7727,-0.06
14/A/NBP/2019,2019-01-21,3.7751,0.15
13/A/NBP/2019,2019-01-18,3.7694,0.21
12/A/NBP/2019,2019-01-17,3.7615,-0.01
11/A/NBP/2019,2019-01-16,3.7619,0.21
10/A/NBP/2019,2019-01-15,3.7542,0.22
9/A/NBP/2019,2019-01-14,3.7458,0.45
8/A/NBP/2019,2019-01-11,3.7289,-0.19
7/A/NBP/2019,2019-01-10,3.736,-0.4
6/A/NBP/2019,2019-01-09,3.7509,-0.13
5/A/NBP/2019,2019-01-08,3.7559,-0.04
4/A/NBP/2019,2019-01-07,3.7575,-0.38
3/A/NBP/2019,2019-01-04,3.772,-0.28
2/A/NBP/2019,2019-01-03,3.7827,0.55
1/A/NBP/2019,2019-01-02,3.7619,0.06
252/A/NBP/2018,2018-12-31,3.7597,0.13
251/A/NBP/2018,2018-12-28,3.755,-0.18
250/A/NBP/2018,2018-12-27,3.7616,0.07
249/A/NBP/2018,2018-12-24,3.7588,0.16
248/A/NBP/2018,2018-12-21,3.7528,0.53
247/A/NBP/2018,2018-12-20,3.7331,-0.77
246/A/NBP/2018,2018-12-19,3.7619,-0.13
245/A/NBP/2018,2018-12-18,3.7668,-0.54
244/A/NBP/2018,2018-12-17,3.7871,-0.59
243/A/NBP/2018,2018-12-14,3.8095,0.94
242/A/NBP/2018,2018-12-13,3.7739,-0.51
241/A/NBP/2018,2018-12-12,3.7934,0.45
240/A/NBP/2018,2018-12-11,3.7763,0.43
239/A/NBP/2018,2018-12-10,3.76,-0.25
238/A/NBP/2018,2018-12-07,3.7694,-0.4
237/A/NBP/2018,2018-12-06,3.7844,0.03
236/A/NBP/2018,2018-12-05,3.7832,0.84
235/A/NBP/2018,2018-12-04,3.7516,-0.41
234/A/NBP/2018,2018-12-03,3.7672,-0.16
233/A/NBP/2018,2018-11-30,3.7731,0.01
232/A/NBP/2018,2018-11-29,3.7728,-1.01
231/A/NBP/2018,2018-11-28,3.8114,0.44
230/A/NBP/2018,2018-11-27,3.7948,0.66
229/A/NBP/2018,2018-11-26,3.7701,-0.21
228/A/NBP/2018,2018-11-23,3.7779,0.04
227/A/NBP/2018,2018-11-22,3.7764,-0.17
226/A/NBP/2018,2018-11-21,3.7829,-0.19
225/A/NBP/2018,2018-11-20,3.79,0.16
224/A/NBP/2018,2018-11-19,3.784,-0.1
223/A/NBP/2018,2018-11-16,3.7876,-0.52
222/A/NBP/2018,2018-11-15,3.8074,-0.1
221/A/NBP/2018,2018-11-14,3.8114,-0.4
220/A/NBP/2018,2018-11-13,3.8268,0.28
219/A/NBP/2018,2018-11-12,3.8163,0.86
218/A/NBP/2018,2018-11-09,3.7838,0.64
217/A/NBP/2018,2018-11-08,3.7599,0.54
216/A/NBP/2018,2018-11-07,3.7398,-1.07
215/A/NBP/2018,2018-11-06,3.7802,-0.28
214/A/NBP/2018,2018-11-05,3.7907,0.27
213/A/NBP/2018,2018-11-02,3.7804,-1.04
212/A/NBP/2018,2018-10-31,3.8203,0.37
211/A/NBP/2018,2018-10-30,3.8062,0.35
210/A/NBP/2018,2018-10-29,3.793,0.08
209/A/NBP/2018,2018-10-26,3.7899,0.27
208/A/NBP/2018,2018-10-25,3.7796,0.26
207/A/NBP/2018,2018-10-24,3.7698,0.57
206/A/NBP/2018,2018-10-23,3.7485,0.57
205/A/NBP/2018,2018-10-22,3.7273,-0.87
204/A/NBP/2018,2018-10-19,3.7601,0.8
203/A/NBP/2018,2018-10-18,3.7302,0.48
202/A/NBP/2018,2018-10-17,3.7123,0.23
201/A/NBP/2018,2018-10-16,3.7036,-0.15
200/A/NBP/2018,2018-10-15,3.7091,-0.11
199/A/NBP/2018,2018-10-12,3.713,-0.72
198/A/NBP/2018,2018-10-11,3.7399,-0.29
197/A/NBP/2018,2018-10-10,3.7507,-0.32
196/A/NBP/2018,2018-10-09,3.7629,0.15
195/A/NBP/2018,2018-10-08,3.7574,0.15
194/A/NBP/2018,2018-10-05,3.7518,0.02
193/A/NBP/2018,2018-10-04,3.7512,1.1
192/A/NBP/2018,2018-10-03,3.7103,-0.6
191/A/NBP/2018,2018-10-02,3.7326,1.25
190/A/NBP/2018,2018-10-01,3.6867,0.31
189/A/NBP/2018,2018-09-28,3.6754,0.54
188/A/NBP/2018,2018-09-27,3.6557,0.35
187/A/NBP/2018,2018-09-26,3.643,-0.22
186/A/NBP/2018,2018-09-25,3.6511,-0.3
185/A/NBP/2018,2018-09-24,3.662,0.6
184/A/NBP/2018,2018-09-21,3.6402,-0.82
183/A/NBP/2018,2018-09-20,3.6702,0.05
182/A/NBP/2018,2018-09-19,3.6685,-0.36
181/A/NBP/2018,2018-09-18,3.6817,-0.16
180/A/NBP/2018,2018-09-17,3.6876,0.16
179/A/NBP/2018,2018-09-14,3.6817,-0.84
178/A/NBP/2018,2018-09-13,3.713,-0.18
177/A/NBP/2018,2018-09-12,3.7198,0.3
176/A/NBP/2018,2018-09-11,3.7087,-0.53
175/A/NBP/2018,2018-09-10,3.7283,0.78
174/A/NBP/2018,2018-09-07,3.6995,-0.4
173/A/NBP/2018,2018-09-06,3.7143,-0.5
172/A/NBP/2018,2018-09-05,3.733,0.24
171/A/NBP/2018,2018-09-04,3.7241,0.68
170/A/NBP/2018,2018-09-03,3.6991,0.5
169/A/NBP/2018,2018-08-31,3.6808,0.23
168/A/NBP/2018,2018-08-30,3.6724,-0.06
167/A/NBP/2018,2018-08-29,3.6747,0.54
166/A/NBP/2018,2018-08-28,3.6548,-0.74
165/A/NBP/2018,2018-08-27,3.682,-0.52
164/A/NBP/2018,2018-08-24,3.7014,-0.15
163/A/NBP/2018,2018-08-23,3.7069,-0.09
162/A/NBP/2018,2018-08-22,3.7104,-0.73
161/A/NBP/2018,2018-08-21,3.7375,-0.85
160/A/NBP/2018,2018-08-20,3.7695,-0.24
159/A/NBP/2018,2018-08-17,3.7784,-0.23
158/A/NBP/2018,2018-08-16,3.7871,0.27
157/A/NBP/2018,2018-08-14,3.7768,-0.25
156/A/NBP/2018,2018-08-13,3.7862,1.02
155/A/NBP/2018,2018-08-10,3.7481,1.72
154/A/NBP/2018,2018-08-09,3.6846,0.17
153/A/NBP/2018,2018-08-08,3.6782,0.16
152/A/NBP/2018,2018-08-07,3.6722,-0.54
151/A/NBP/2018,2018-08-06,3.692,-0.02
150/A/NBP/2018,2018-08-03,3.6926,0.39
149/A/NBP/2018,2018-08-02,3.6783,0.49
148/A/NBP/2018,2018-08-01,3.6603,0.33
147/A/NBP/2018,2018-07-31,3.6481,-0.55
146/A/NBP/2018,2018-07-30,3.6684,-0.68
145/A/NBP/2018,2018-07-27,3.6937,0.79
144/A/NBP/2018,2018-07-26,3.6649,-0.39
143/A/NBP/2018,2018-07-25,3.6793,-0.61
142/A/NBP/2018,2018-07-24,3.702,0.17
141/A/NBP/2018,2018-07-23,3.6957,-0.57
140/A/NBP/2018,2018-07-20,3.717,0.02
139/A/NBP/2018,2018-07-19,3.7163,0.36
138/A/NBP/2018,2018-07-18,3.7031,1.13
137/A/NBP/2018,2018-07-17,3.6619,-0.57
136/A/NBP/2018,2018-07-16,3.6828,-1.12
135/A/NBP/2018,2018-07-13,3.7244,0.51
134/A/NBP/2018,2018-07-12,3.7055,0.15
133/A/NBP/2018,2018-07-11,3.7,0.07
132/A/NBP/2018,2018-07-10,3.6973,0.33
131/A/NBP/2018,2018-07-09,3.685,-1
130/A/NBP/2018,2018-07-06,3.7222,-0.7
129/A/NBP/2018,2018-07-05,3.7485,-0.73
128/A/NBP/2018,2018-07-04,3.7759,0.1
127/A/NBP/2018,2018-07-03,3.7723,0.05
126/A/NBP/2018,2018-07-02,3.7703,0.7
125/A/NBP/2018,2018-06-29,3.744,-0.7
124/A/NBP/2018,2018-06-28,3.7705,0.95
123/A/NBP/2018,2018-06-27,3.7351,0.54
122/A/NBP/2018,2018-06-26,3.7151,0.17
121/A/NBP/2018,2018-06-25,3.7087,0.3
120/A/NBP/2018,2018-06-22,3.6977,-1.68
119/A/NBP/2018,2018-06-21,3.7607,0.68
118/A/NBP/2018,2018-06-20,3.7352,0.1
117/A/NBP/2018,2018-06-19,3.7316,0.85
116/A/NBP/2018,2018-06-18,3.7003,0.22
115/A/NBP/2018,2018-06-15,3.6922,2.12
114/A/NBP/2018,2018-06-14,3.6155,-0.84
113/A/NBP/2018,2018-06-13,3.6461,0.52
112/A/NBP/2018,2018-06-12,3.6271,0.07
111/A/NBP/2018,2018-06-11,3.6247,-0.64
110/A/NBP/2018,2018-06-08,3.6479,1.16
109/A/NBP/2018,2018-06-07,3.6062,-1.12
108/A/NBP/2018,2018-06-06,3.647,-0.27
107/A/NBP/2018,2018-06-05,3.6569,-0.26
106/A/NBP/2018,2018-06-04,3.6665,-0.73
105/A/NBP/2018,2018-06-01,3.6934,-0.72
104/A/NBP/2018,2018-05-30,3.72,-0.27
103/A/NBP/2018,2018-05-29,3.7299,1.22
102/A/NBP/2018,2018-05-28,3.6849,0.44
101/A/NBP/2018,2018-05-25,3.6686,0.26
100/A/NBP/2018,2018-05-24,3.659,-0.28
99/A/NBP/2018,2018-05-23,3.6693,1.22
98/A/NBP/2018,2018-05-22,3.6252,-0.99
97/A/NBP/2018,2018-05-21,3.6615,0.63
96/A/NBP/2018,2018-05-18,3.6385,0.28
95/A/NBP/2018,2018-05-17,3.6283,0.12
94/A/NBP/2018,2018-05-16,3.6241,0.86
93/A/NBP/2018,2018-05-15,3.5931,1.05
92/A/NBP/2018,2018-05-14,3.5558,-0.42
91/A/NBP/2018,2018-05-11,3.5708,-0.18
90/A/NBP/2018,2018-05-10,3.5773,-0.88
89/A/NBP/2018,2018-05-09,3.609,0.57
88/A/NBP/2018,2018-05-08,3.5884,0.7
87/A/NBP/2018,2018-05-07,3.5634,-0.34
86/A/NBP/2018,2018-05-04,3.5754,0.54
85/A/NBP/2018,2018-05-02,3.5563,1.99
84/A/NBP/2018,2018-04-30,3.4868,-0.39
83/A/NBP/2018,2018-04-27,3.5003,0.51
82/A/NBP/2018,2018-04-26,3.4827,0.81
81/A/NBP/2018,2018-04-25,3.4548,0.43
80/A/NBP/2018,2018-04-24,3.4401,0.72
79/A/NBP/2018,2018-04-23,3.4156,0.81
78/A/NBP/2018,2018-04-20,3.3881,0.56
77/A/NBP/2018,2018-04-19,3.3693,-0.08
76/A/NBP/2018,2018-04-18,3.3721,0.44
75/A/NBP/2018,2018-04-17,3.3572,-0.28
74/A/NBP/2018,2018-04-16,3.3666,-0.58
73/A/NBP/2018,2018-04-13,3.3862,-0.18
72/A/NBP/2018,2018-04-12,3.3924,0.19
71/A/NBP/2018,2018-04-11,3.3859,-0.61
70/A/NBP/2018,2018-04-10,3.4068,-0.31
69/A/NBP/2018,2018-04-09,3.4174,-0.41
68/A/NBP/2018,2018-04-06,3.4315,0.04
67/A/NBP/2018,2018-04-05,3.4301,0.22
66/A/NBP/2018,2018-04-04,3.4224,0.14
65/A/NBP/2018,2018-04-03,3.4177,0.11
64/A/NBP/2018,2018-03-30,3.4139,-0.18
63/A/NBP/2018,2018-03-29,3.4201,0.72
62/A/NBP/2018,2018-03-28,3.3956,0.1
61/A/NBP/2018,2018-03-27,3.3921,-0.66
60/A/NBP/2018,2018-03-26,3.4145,-0.51
59/A/NBP/2018,2018-03-23,3.4319,0.16
58/A/NBP/2018,2018-03-22,3.4264,-0.81
57/A/NBP/2018,2018-03-21,3.4544,0.72
56/A/NBP/2018,2018-03-20,3.4296,-0.13
55/A/NBP/2018,2018-03-19,3.4341,0.37
54/A/NBP/2018,2018-03-16,3.4214,0.28
53/A/NBP/2018,2018-03-15,3.4117,0.18
52/A/NBP/2018,2018-03-14,3.4055,-0.26
51/A/NBP/2018,2018-03-13,3.4143,0.23
50/A/NBP/2018,2018-03-12,3.4066,-0.19
49/A/NBP/2018,2018-03-09,3.4132,0.58
48/A/NBP/2018,2018-03-08,3.3935,0.57
47/A/NBP/2018,2018-03-07,3.3744,-0.57
46/A/NBP/2018,2018-03-06,3.3936,-0.17
45/A/NBP/2018,2018-03-05,3.3995,-0.6
44/A/NBP/2018,2018-03-02,3.42,-0.45
43/A/NBP/2018,2018-03-01,3.4356,0.49
42/A/NBP/2018,2018-02-28,3.4188,1.1
41/A/NBP/2018,2018-02-27,3.3816,0.05
40/A/NBP/2018,2018-02-26,3.3799,-0.33
39/A/NBP/2018,2018-02-23,3.3911,-0.29
38/A/NBP/2018,2018-02-22,3.4009,0.93
37/A/NBP/2018,2018-02-21,3.3697,0.3
36/A/NBP/2018,2018-02-20,3.3597,0.56
35/A/NBP/2018,2018-02-19,3.3411,0.72
34/A/NBP/2018,2018-02-16,3.3173,-0.26
33/A/NBP/2018,2018-02-15,3.3259,-1.51
32/A/NBP/2018,2018-02-14,3.3769,-0.43
31/A/NBP/2018,2018-02-13,3.3916,-0.6
30/A/NBP/2018,2018-02-12,3.4122,-0.41
29/A/NBP/2018,2018-02-09,3.4263,0.42
28/A/NBP/2018,2018-02-08,3.4119,1.31
27/A/NBP/2018,2018-02-07,3.3677,0.53
26/A/NBP/2018,2018-02-06,3.3498,0.37
25/A/NBP/2018,2018-02-05,3.3375,0.14
24/A/NBP/2018,2018-02-02,3.3329,-0.05
23/A/NBP/2018,2018-02-01,3.3346,0.08
22/A/NBP/2018,2018-01-31,3.3318,-0.37
21/A/NBP/2018,2018-01-30,3.3442,0.2
20/A/NBP/2018,2018-01-29,3.3375,0.23
19/A/NBP/2018,2018-01-26,3.3299,-0.23
18/A/NBP/2018,2018-01-25,3.3376,-1.11
17/A/NBP/2018,2018-01-24,3.375,-0.98
16/A/NBP/2018,2018-01-23,3.4084,0.14
15/A/NBP/2018,2018-01-22,3.4036,0.12
14/A/NBP/2018,2018-01-19,3.3994,-0.33
13/A/NBP/2018,2018-01-18,3.4108,0
12/A/NBP/2018,2018-01-17,3.4109,-0.24
11/A/NBP/2018,2018-01-16,3.419,0.53
10/A/NBP/2018,2018-01-15,3.401,-1.04
9/A/NBP/2018,2018-01-12,3.4366,-1.67
8/A/NBP/2018,2018-01-11,3.495,-0.14
7/A/NBP/2018,2018-01-10,3.4999,0.02
6/A/NBP/2018,2018-01-09,3.4992,0.74
5/A/NBP/2018,2018-01-08,3.4735,0.72
4/A/NBP/2018,2018-01-05,3.4488,0.05
3/A/NBP/2018,2018-01-04,3.4472,-0.42
2/A/NBP/2018,2018-01-03,3.4616,0.2
1/A/NBP/2018,2018-01-02,3.4546,-0.77
251/A/NBP/2017,2017-12-29,3.4813,-0.66
250/A/NBP/2017,2017-12-28,3.5046,-0.59
249/A/NBP/2017,2017-12-27,3.5253,-0.4
248/A/NBP/2017,2017-12-22,3.5393,0.07
247/A/NBP/2017,2017-12-21,3.5369,-0.25
246/A/NBP/2017,2017-12-20,3.5459,-0.35
245/A/NBP/2017,2017-12-19,3.5583,-0.44
244/A/NBP/2017,2017-12-18,3.574,-0.13
243/A/NBP/2017,2017-12-15,3.5786,0.2
242/A/NBP/2017,2017-12-14,3.5716,-0.46
241/A/NBP/2017,2017-12-13,3.588,0.48
240/A/NBP/2017,2017-12-12,3.5708,0.21
239/A/NBP/2017,2017-12-11,3.5633,-0.49
238/A/NBP/2017,2017-12-08,3.5808,0.24
237/A/NBP/2017,2017-12-07,3.5722,0.19
236/A/NBP/2017,2017-12-06,3.5653,0.56
235/A/NBP/2017,2017-12-05,3.5454,-0.13
234/A/NBP/2017,2017-12-04,3.5499,0.42
233/A/NBP/2017,2017-12-01,3.5352,-0.54
232/A/NBP/2017,2017-11-30,3.5543,0.45
231/A/NBP/2017,2017-11-29,3.5385,0.01
230/A/NBP/2017,2017-11-28,3.5382,0.3
229/A/NBP/2017,2017-11-27,3.5276,-0.59
228/A/NBP/2017,2017-11-24,3.5486,-0.2
227/A/NBP/2017,2017-11-23,3.5557,-0.9
226/A/NBP/2017,2017-11-22,3.5881,-0.5
225/A/NBP/2017,2017-11-21,3.606,0.42
224/A/NBP/2017,2017-11-20,3.5909,-0.16
223/A/NBP/2017,2017-11-17,3.5965,0.02
222/A/NBP/2017,2017-11-16,3.5958,0.2
221/A/NBP/2017,2017-11-15,3.5886,-0.66
220/A/NBP/2017,2017-11-14,3.6126,-0.7
219/A/NBP/2017,2017-11-13,3.6382,0.3
218/A/NBP/2017,2017-11-10,3.6274,-0.53
217/A/NBP/2017,2017-11-09,3.6466,-0.35
216/A/NBP/2017,2017-11-08,3.6595,-0.16
215/A/NBP/2017,2017-11-07,3.6652,0.18
214/A/NBP/2017,2017-11-06,3.6585,0.49
213/A/NBP/2017,2017-11-03,3.6408,0.12
212/A/NBP/2017,2017-11-02,3.6366,-0.45
211/A/NBP/2017,2017-10-31,3.6529,0.27
210/A/NBP/2017,2017-10-30,3.643,-0.38
209/A/NBP/2017,2017-10-27,3.6568,1.75
208/A/NBP/2017,2017-10-26,3.5939,-0.19
207/A/NBP/2017,2017-10-25,3.6006,0.11
204/A/NBP/2017,2017-10-20,3.5966,0.2
203/A/NBP/2017,2017-10-19,3.5896,-0.31
202/A/NBP/2017,2017-10-18,3.6006,0.12
201/A/NBP/2017,2017-10-17,3.5964,-0.11
200/A/NBP/2017,2017-10-16,3.6004,-0.02
199/A/NBP/2017,2017-10-13,3.601,0.03
198/A/NBP/2017,2017-10-12,3.6,-0.6
197/A/NBP/2017,2017-10-11,3.6219,-0.68
196/A/NBP/2017,2017-10-10,3.6468,-0.75
195/A/NBP/2017,2017-10-09,3.6743,-0.15
194/A/NBP/2017,2017-10-06,3.6799,0.81
193/A/NBP/2017,2017-10-05,3.6502,-0.26
192/A/NBP/2017,2017-10-04,3.6597,-0.38
191/A/NBP/2017,2017-10-03,3.6737,0.03
190/A/NBP/2017,2017-10-02,3.6726,0.57
189/A/NBP/2017,2017-09-29,3.6519,-0.44
188/A/NBP/2017,2017-09-28,3.6682,0.09
187/A/NBP/2017,2017-09-27,3.665,1.15
186/A/NBP/2017,2017-09-26,3.6234,1.03
185/A/NBP/2017,2017-09-25,3.5866,0.6
184/A/NBP/2017,2017-09-22,3.5651,-0.9
183/A/NBP/2017,2017-09-21,3.5975,1
182/A/NBP/2017,2017-09-20,3.5619,-0.56
181/A/NBP/2017,2017-09-19,3.5821,-0.17
180/A/NBP/2017,2017-09-18,3.5881,0.05
179/A/NBP/2017,2017-09-15,3.5863,-0.34
178/A/NBP/2017,2017-09-14,3.5984,1
177/A/NBP/2017,2017-09-13,3.5627,0.21
176/A/NBP/2017,2017-09-12,3.5552,0.73
175/A/NBP/2017,2017-09-11,3.5293,0.15
174/A/NBP/2017,2017-09-08,3.5239,-0.77
173/A/NBP/2017,2017-09-07,3.5511,-0.08
172/A/NBP/2017,2017-09-06,3.5538,-0.29
171/A/NBP/2017,2017-09-05,3.5642,-0.21
170/A/NBP/2017,2017-09-04,3.5718,0.07
169/A/NBP/2017,2017-09-01,3.5693,-0.36
168/A/NBP/2017,2017-08-31,3.5822,0.4
167/A/NBP/2017,2017-08-30,3.5678,0.87
166/A/NBP/2017,2017-08-29,3.5372,-1.02
165/A/NBP/2017,2017-08-28,3.5736,-1.04
164/A/NBP/2017,2017-08-25,3.6112,-0.6
163/A/NBP/2017,2017-08-24,3.6329,0.15
162/A/NBP/2017,2017-08-23,3.6274,-0.17
161/A/NBP/2017,2017-08-22,3.6334,-0.2
160/A/NBP/2017,2017-08-21,3.6408,-0.14
159/A/NBP/2017,2017-08-18,3.6459,0.55
158/A/NBP/2017,2017-08-17,3.6258,-0.49
157/A/NBP/2017,2017-08-16,3.6435,0.43
156/A/NBP/2017,2017-08-14,3.6278,-0.47
155/A/NBP/2017,2017-08-11,3.6449,0.05
154/A/NBP/2017,2017-08-10,3.6432,0.25
153/A/NBP/2017,2017-08-09,3.6342,0.87
152/A/NBP/2017,2017-08-08,3.6027,0.09
151/A/NBP/2017,2017-08-07,3.5995,0.82
150/A/NBP/2017,2017-08-04,3.5702,-0.6
149/A/NBP/2017,2017-08-03,3.5918,0.15
148/A/NBP/2017,2017-08-02,3.5863,-0.36
147/A/NBP/2017,2017-08-01,3.5991,-0.75
146/A/NBP/2017,2017-07-31,3.6264,-0.39
145/A/NBP/2017,2017-07-28,3.6406,0.11
144/A/NBP/2017,2017-07-27,3.6366,-0.8
143/A/NBP/2017,2017-07-26,3.6661,0.39
142/A/NBP/2017,2017-07-25,3.6519,0.34
141/A/NBP/2017,2017-07-24,3.6395,0.21
140/A/NBP/2017,2017-07-21,3.632,-0.78
139/A/NBP/2017,2017-07-20,3.6604,0.32
138/A/NBP/2017,2017-07-19,3.6486,0.05
137/A/NBP/2017,2017-07-18,3.6469,-0.81
136/A/NBP/2017,2017-07-17,3.6767,-0.59
135/A/NBP/2017,2017-07-14,3.6986,-0.4
134/A/NBP/2017,2017-07-13,3.7133,0.27
133/A/NBP/2017,2017-07-12,3.7034,-0.54
132/A/NBP/2017,2017-07-11,3.7235,0.2
131/A/NBP/2017,2017-07-10,3.716,0.25
130/A/NBP/2017,2017-07-07,3.7068,-0.76
129/A/NBP/2017,2017-07-06,3.7351,-0.32
128/A/NBP/2017,2017-07-05,3.7471,0.26
127/A/NBP/2017,2017-07-04,3.7372,0.47
126/A/NBP/2017,2017-07-03,3.7196,0.36
125/A/NBP/2017,2017-06-30,3.7062,-0.16
124/A/NBP/2017,2017-06-29,3.7122,-0.34
123/A/NBP/2017,2017-06-28,3.7249,-0.52
122/A/NBP/2017,2017-06-27,3.7442,-0.56
121/A/NBP/2017,2017-06-26,3.7653,-0.45
120/A/NBP/2017,2017-06-23,3.7824,-0.47
119/A/NBP/2017,2017-06-22,3.8002,-0.23
118/A/NBP/2017,2017-06-21,3.809,0.6
117/A/NBP/2017,2017-06-20,3.7862,0.66
116/A/NBP/2017,2017-06-19,3.7615,-0.35
115/A/NBP/2017,2017-06-16,3.7749,0.67
114/A/NBP/2017,2017-06-14,3.7497,0.32
113/A/NBP/2017,2017-06-13,3.7379,0.08
112/A/NBP/2017,2017-06-12,3.735,-0.31
111/A/NBP/2017,2017-06-09,3.7465,0.17
110/A/NBP/2017,2017-06-08,3.74,0.43
109/A/NBP/2017,2017-06-07,3.7241,-0.02
108/A/NBP/2017,2017-06-06,3.725,0.5
107/A/NBP/2017,2017-06-05,3.7066,-0.69
106/A/NBP/2017,2017-06-02,3.7323,0.16
105/A/NBP/2017,2017-06-01,3.7262,-0.25
104/A/NBP/2017,2017-05-31,3.7354,-0.31
103/A/NBP/2017,2017-05-30,3.7471,0.27
102/A/NBP/2017,2017-05-29,3.7371,0.33
101/A/NBP/2017,2017-05-26,3.7248,0.19
100/A/NBP/2017,2017-05-25,3.7177,-0.95
99/A/NBP/2017,2017-05-24,3.7535,0.48
98/A/NBP/2017,2017-05-23,3.7354,-0.46
97/A/NBP/2017,2017-05-22,3.7526,-0.55
96/A/NBP/2017,2017-05-19,3.7735,-0.5
95/A/NBP/2017,2017-05-18,3.7926,0.31
94/A/NBP/2017,2017-05-17,3.7808,-0.33
93/A/NBP/2017,2017-05-16,3.7932,-1.38
92/A/NBP/2017,2017-05-15,3.8463,-0.96
91/A/NBP/2017,2017-05-12,3.8837,0.24
90/A/NBP/2017,2017-05-11,3.8744,-0.09
89/A/NBP/2017,2017-05-10,3.8777,0.09
88/A/NBP/2017,2017-05-09,3.8741,0.91
87/A/NBP/2017,2017-05-08,3.8391,-0.26
86/A/NBP/2017,2017-05-05,3.849,-0.36
85/A/NBP/2017,2017-05-04,3.863,-0.12
84/A/NBP/2017,2017-05-02,3.8675,-0.05
83/A/NBP/2017,2017-04-28,3.8696,-0.21
82/A/NBP/2017,2017-04-27,3.8776,0.05
81/A/NBP/2017,2017-04-26,3.8757,-0.3
80/A/NBP/2017,2017-04-25,3.8873,-0.48
79/A/NBP/2017,2017-04-24,3.906,-1.96
78/A/NBP/2017,2017-04-21,3.9841,0.64
77/A/NBP/2017,2017-04-20,3.9588,0.04
76/A/NBP/2017,2017-04-19,3.9571,-0.58
75/A/NBP/2017,2017-04-18,3.98,-0.28
74/A/NBP/2017,2017-04-14,3.9911,0.06
73/A/NBP/2017,2017-04-13,3.9886,-0.35
72/A/NBP/2017,2017-04-12,4.0026,0.04
71/A/NBP/2017,2017-04-11,4.0009,0.13
70/A/NBP/2017,2017-04-10,3.9956,0.51
69/A/NBP/2017,2017-04-07,3.9755,-0.09
68/A/NBP/2017,2017-04-06,3.9792,0.02
67/A/NBP/2017,2017-04-05,3.9783,-0.27
66/A/NBP/2017,2017-04-04,3.989,0.57
65/A/NBP/2017,2017-04-03,3.9664,0.53
64/A/NBP/2017,2017-03-31,3.9455,0.13
63/A/NBP/2017,2017-03-30,3.9402,0.35
62/A/NBP/2017,2017-03-29,3.9265,0.25
61/A/NBP/2017,2017-03-28,3.9169,-0.23
60/A/NBP/2017,2017-03-27,3.9259,-0.56
59/A/NBP/2017,2017-03-24,3.9481,-0.52
58/A/NBP/2017,2017-03-23,3.9687,-0.11
57/A/NBP/2017,2017-03-22,3.9731,0.58
56/A/NBP/2017,2017-03-21,3.9502,-0.8
55/A/NBP/2017,2017-03-20,3.9821,-0.24
54/A/NBP/2017,2017-03-17,3.9917,-0.95
53/A/NBP/2017,2017-03-16,4.03,-0.85
52/A/NBP/2017,2017-03-15,4.0646,-0.13
51/A/NBP/2017,2017-03-14,4.0697,-0.12
50/A/NBP/2017,2017-03-13,4.0747,-0.03
49/A/NBP/2017,2017-03-10,4.0761,-0.25
48/A/NBP/2017,2017-03-09,4.0864,0.11
47/A/NBP/2017,2017-03-08,4.0818,0.04
46/A/NBP/2017,2017-03-07,4.0803,0.34
45/A/NBP/2017,2017-03-06,4.0663,-0.71
44/A/NBP/2017,2017-03-03,4.0955,0.47
43/A/NBP/2017,2017-03-02,4.0765,0.02
42/A/NBP/2017,2017-03-01,4.0756,-0.03
41/A/NBP/2017,2017-02-28,4.077,0.06
40/A/NBP/2017,2017-02-27,4.0745,0.16
39/A/NBP/2017,2017-02-24,4.0681,-0.39
38/A/NBP/2017,2017-02-23,4.084,-0.14
37/A/NBP/2017,2017-02-22,4.0899,-0.11
36/A/NBP/2017,2017-02-21,4.0942,0.61
35/A/NBP/2017,2017-02-20,4.0692,0
34/A/NBP/2017,2017-02-17,4.0693,0.31
33/A/NBP/2017,2017-02-16,4.0567,-0.45
32/A/NBP/2017,2017-02-15,4.0752,0.56
31/A/NBP/2017,2017-02-14,4.0525,0.07
30/A/NBP/2017,2017-02-13,4.0496,0.15
29/A/NBP/2017,2017-02-10,4.0435,0.26
28/A/NBP/2017,2017-02-09,4.0332,-0.47
27/A/NBP/2017,2017-02-08,4.0521,0.6
26/A/NBP/2017,2017-02-07,4.028,0.97
25/A/NBP/2017,2017-02-06,3.9892,-0.3
24/A/NBP/2017,2017-02-03,4.0014,0.45
23/A/NBP/2017,2017-02-02,3.9835,-0.59
22/A/NBP/2017,2017-02-01,4.0071,-0.93
21/A/NBP/2017,2017-01-31,4.0446,-0.06
20/A/NBP/2017,2017-01-30,4.0472,-0.3
19/A/NBP/2017,2017-01-27,4.0595,0.01
18/A/NBP/2017,2017-01-26,4.059,0.01
17/A/NBP/2017,2017-01-25,4.0585,-0.3
16/A/NBP/2017,2017-01-24,4.0708,-0.13
15/A/NBP/2017,2017-01-23,4.076,-0.6
14/A/NBP/2017,2017-01-20,4.1005,-0.02
13/A/NBP/2017,2017-01-19,4.1014,0.35
12/A/NBP/2017,2017-01-18,4.087,-0.29
11/A/NBP/2017,2017-01-17,4.0989,-0.88
10/A/NBP/2017,2017-01-16,4.1354,0.66
9/A/NBP/2017,2017-01-13,4.1084,-0.05
8/A/NBP/2017,2017-01-12,4.1103,-0.87
7/A/NBP/2017,2017-01-11,4.1465,0.47
6/A/NBP/2017,2017-01-10,4.127,-0.77
5/A/NBP/2017,2017-01-09,4.1592,-0.18
4/A/NBP/2017,2017-01-05,4.1667,-0.88
3/A/NBP/2017,2017-01-04,4.2037,-0.55
2/A/NBP/2017,2017-01-03,4.2271,0.39
1/A/NBP/2017,2017-01-02,4.2106,0.75
252/A/NBP/2016,2016-12-30,4.1793,-0.87
251/A/NBP/2016,2016-12-29,4.2161,-0.23
250/A/NBP/2016,2016-12-28,4.226,0.33
249/A/NBP/2016,2016-12-27,4.212,-0.19
248/A/NBP/2016,2016-12-23,4.2199,-0.05
247/A/NBP/2016,2016-12-22,4.2222,-0.62
246/A/NBP/2016,2016-12-21,4.2484,-0.02
245/A/NBP/2016,2016-12-20,4.2493,0.56
244/A/NBP/2016,2016-12-19,4.2255,-0.1
243/A/NBP/2016,2016-12-16,4.2296,-0.08
242/A/NBP/2016,2016-12-15,4.2329,1.34
241/A/NBP/2016,2016-12-14,4.1768,-0.33
240/A/NBP/2016,2016-12-13,4.1905,-0.44
239/A/NBP/2016,2016-12-12,4.209,0.76
238/A/NBP/2016,2016-12-09,4.1772,1.62
237/A/NBP/2016,2016-12-08,4.1107,-0.39
236/A/NBP/2016,2016-12-07,4.1268,-1.33
235/A/NBP/2016,2016-12-06,4.1825,-0.92
234/A/NBP/2016,2016-12-05,4.2213,0.15
233/A/NBP/2016,2016-12-02,4.215,0.39
232/A/NBP/2016,2016-12-01,4.1987,0.64
231/A/NBP/2016,2016-11-30,4.1721,-0.25
230/A/NBP/2016,2016-11-29,4.1827,0.74
229/A/NBP/2016,2016-11-28,4.1521,-0.26
228/A/NBP/2016,2016-11-25,4.1628,-0.6
227/A/NBP/2016,2016-11-24,4.188,0.7
226/A/NBP/2016,2016-11-23,4.1588,0.2
225/A/NBP/2016,2016-11-22,4.1507,-0.58
224/A/NBP/2016,2016-11-21,4.1748,-0.52
223/A/NBP/2016,2016-11-18,4.1968,1.43
222/A/NBP/2016,2016-11-17,4.1375,-0.01
221/A/NBP/2016,2016-11-16,4.138,1.33
220/A/NBP/2016,2016-11-15,4.0837,0.08
219/A/NBP/2016,2016-11-14,4.0805,2.38
218/A/NBP/2016,2016-11-10,3.9856,1.4
217/A/NBP/2016,2016-11-09,3.9305,0.35
216/A/NBP/2016,2016-11-08,3.9169,0.09
215/A/NBP/2016,2016-11-07,3.9132,0.69
214/A/NBP/2016,2016-11-04,3.8862,-0.26
213/A/NBP/2016,2016-11-03,3.8965,0.03
212/A/NBP/2016,2016-11-02,3.8954,-1.35
211/A/NBP/2016,2016-10-31,3.9488,-0.52
210/A/NBP/2016,2016-10-28,3.9696,-0.16
209/A/NBP/2016,2016-10-27,3.976,0.61
208/A/NBP/2016,2016-10-26,3.9517,-0.07
207/A/NBP/2016,2016-10-25,3.9543,-0.37
206/A/NBP/2016,2016-10-24,3.969,-0.28
205/A/NBP/2016,2016-10-21,3.98,1.12
204/A/NBP/2016,2016-10-20,3.9359,0.19
203/A/NBP/2016,2016-10-19,3.9285,0.35
202/A/NBP/2016,2016-10-18,3.9148,-0.3
201/A/NBP/2016,2016-10-17,3.9265,0.77
200/A/NBP/2016,2016-10-14,3.8965,-0.51
199/A/NBP/2016,2016-10-13,3.9164,0.81
198/A/NBP/2016,2016-10-12,3.8851,0.95
197/A/NBP/2016,2016-10-11,3.8487,0.47
196/A/NBP/2016,2016-10-10,3.8307,-0.51
195/A/NBP/2016,2016-10-07,3.8505,0.26
194/A/NBP/2016,2016-10-06,3.8405,0.26
193/A/NBP/2016,2016-10-05,3.8307,-0.43
192/A/NBP/2016,2016-10-04,3.8472,0.58
191/A/NBP/2016,2016-10-03,3.8252,-0.79
190/A/NBP/2016,2016-09-30,3.8558,0.53
189/A/NBP/2016,2016-09-29,3.8354,0.24
188/A/NBP/2016,2016-09-28,3.8264,0.1
187/A/NBP/2016,2016-09-27,3.8227,-0.25
186/A/NBP/2016,2016-09-26,3.8324,-0.01
185/A/NBP/2016,2016-09-23,3.8328,0.52
184/A/NBP/2016,2016-09-22,3.8128,-1.23
183/A/NBP/2016,2016-09-21,3.8601,0.42
182/A/NBP/2016,2016-09-20,3.8438,-0.38
181/A/NBP/2016,2016-09-19,3.8586,0.23
180/A/NBP/2016,2016-09-16,3.8497,-0.23
179/A/NBP/2016,2016-09-15,3.8587,-0.33
178/A/NBP/2016,2016-09-14,3.8716,-0.05
177/A/NBP/2016,2016-09-13,3.8734,0.17
176/A/NBP/2016,2016-09-12,3.8668,0.74
175/A/NBP/2016,2016-09-09,3.8385,0.34
174/A/NBP/2016,2016-09-08,3.8255,-0.68
173/A/NBP/2016,2016-09-07,3.8515,-0.91
172/A/NBP/2016,2016-09-06,3.8869,-0.17
171/A/NBP/2016,2016-09-05,3.8937,-0.58
170/A/NBP/2016,2016-09-02,3.9164,0.12
169/A/NBP/2016,2016-09-01,3.9116,0.09
168/A/NBP/2016,2016-08-31,3.9082,0.58
167/A/NBP/2016,2016-08-30,3.8858,0.18
166/A/NBP/2016,2016-08-29,3.8789,1.2
165/A/NBP/2016,2016-08-26,3.8328,0.36
164/A/NBP/2016,2016-08-25,3.819,0.04
163/A/NBP/2016,2016-08-24,3.8174,0.3
162/A/NBP/2016,2016-08-23,3.8061,-0.08
161/A/NBP/2016,2016-08-22,3.809,0.49
160/A/NBP/2016,2016-08-19,3.7905,0.21
159/A/NBP/2016,2016-08-18,3.7826,-0.65
158/A/NBP/2016,2016-08-17,3.8075,0.38
157/A/NBP/2016,2016-08-16,3.7929,-0.76
156/A/NBP/2016,2016-08-12,3.8219,-0.2
155/A/NBP/2016,2016-08-11,3.8297,0.12
154/A/NBP/2016,2016-08-10,3.825,-0.6
153/A/NBP/2016,2016-08-09,3.8482,-0.58
152/A/NBP/2016,2016-08-08,3.8706,0.43
151/A/NBP/2016,2016-08-05,3.8542,-0.12
150/A/NBP/2016,2016-08-04,3.8588,0.19
149/A/NBP/2016,2016-08-03,3.8516,-0.78
148/A/NBP/2016,2016-08-02,3.882,-0.56
147/A/NBP/2016,2016-08-01,3.904,-0.82
146/A/NBP/2016,2016-07-29,3.9364,-0.06
145/A/NBP/2016,2016-07-28,3.9389,-0.88
144/A/NBP/2016,2016-07-27,3.9739,0.14
143/A/NBP/2016,2016-07-26,3.9682,-0.04
142/A/NBP/2016,2016-07-25,3.9697,0.49
141/A/NBP/2016,2016-07-22,3.9504,-0.46
140/A/NBP/2016,2016-07-21,3.9685,-0.26
139/A/NBP/2016,2016-07-20,3.979,0.53
138/A/NBP/2016,2016-07-19,3.9582,-0.68
137/A/NBP/2016,2016-07-18,3.9853,0.64
136/A/NBP/2016,2016-07-15,3.9598,-0.21
135/A/NBP/2016,2016-07-14,3.9681,-0.32
134/A/NBP/2016,2016-07-13,3.9809,0.01
133/A/NBP/2016,2016-07-12,3.9807,-0.63
132/A/NBP/2016,2016-07-11,4.006,0.15
131/A/NBP/2016,2016-07-08,4.0001,-0.09
130/A/NBP/2016,2016-07-07,4.0036,-0.47
129/A/NBP/2016,2016-07-06,4.0225,0.66
128/A/NBP/2016,2016-07-05,3.9963,0.19
127/A/NBP/2016,2016-07-04,3.9886,0.85
126/A/NBP/2016,2016-07-01,3.9548,-0.64
125/A/NBP/2016,2016-06-30,3.9803,-0.26
124/A/NBP/2016,2016-06-29,3.9905,-0.31
123/A/NBP/2016,2016-06-28,4.003,-0.58
122/A/NBP/2016,2016-06-27,4.0263,0.67
121/A/NBP/2016,2016-06-24,3.9994,3.63
120/A/NBP/2016,2016-06-23,3.8593,-0.9
119/A/NBP/2016,2016-06-22,3.8945,0.53
118/A/NBP/2016,2016-06-21,3.8741,0.04
117/A/NBP/2016,2016-06-20,3.8724,-1.75
116/A/NBP/2016,2016-06-17,3.9412,-0.14
115/A/NBP/2016,2016-06-16,3.9469,0.3
114/A/NBP/2016,2016-06-15,3.9351,-0.33
113/A/NBP/2016,2016-06-14,3.9483,1.39
112/A/NBP/2016,2016-06-13,3.8943,1.03
111/A/NBP/2016,2016-06-10,3.8545,1.1
110/A/NBP/2016,2016-06-09,3.8126,-0.06
109/A/NBP/2016,2016-06-08,3.815,-0.39
108/A/NBP/2016,2016-06-07,3.8298,-0.79
107/A/NBP/2016,2016-06-06,3.8602,-1.99
106/A/NBP/2016,2016-06-03,3.9384,0.46
105/A/NBP/2016,2016-06-02,3.9204,-0.37
104/A/NBP/2016,2016-06-01,3.935,-0.05
103/A/NBP/2016,2016-05-31,3.9369,-0.26
102/A/NBP/2016,2016-05-30,3.947,0.2
101/A/NBP/2016,2016-05-27,3.9393,-0.73
100/A/NBP/2016,2016-05-25,3.9684,-0.26
99/A/NBP/2016,2016-05-24,3.9789,0.7
98/A/NBP/2016,2016-05-23,3.9513,0.39
97/A/NBP/2016,2016-05-20,3.9358,0.5
96/A/NBP/2016,2016-05-19,3.9161,0.4
95/A/NBP/2016,2016-05-18,3.9005,1.29
94/A/NBP/2016,2016-05-17,3.8508,-0.3
93/A/NBP/2016,2016-05-16,3.8625,-0.39
92/A/NBP/2016,2016-05-13,3.8775,-0.09
91/A/NBP/2016,2016-05-12,3.8811,-0.11
90/A/NBP/2016,2016-05-11,3.8855,0.01
89/A/NBP/2016,2016-05-10,3.8853,0.32
88/A/NBP/2016,2016-05-09,3.873,-0.01
87/A/NBP/2016,2016-05-06,3.8732,0.67
86/A/NBP/2016,2016-05-05,3.8475,0.46
85/A/NBP/2016,2016-05-04,3.83,0.27
84/A/NBP/2016,2016-05-02,3.8195,-1.4
83/A/NBP/2016,2016-04-29,3.8738,0.11
82/A/NBP/2016,2016-04-28,3.8695,-0.25
81/A/NBP/2016,2016-04-27,3.8793,-0.36
80/A/NBP/2016,2016-04-26,3.8935,-0.07
79/A/NBP/2016,2016-04-25,3.8962,1.47
78/A/NBP/2016,2016-04-22,3.8399,1.1
77/A/NBP/2016,2016-04-21,3.7981,0.37
76/A/NBP/2016,2016-04-20,3.7842,-0.22
75/A/NBP/2016,2016-04-19,3.7925,-0.22
74/A/NBP/2016,2016-04-18,3.801,-0.43
73/A/NBP/2016,2016-04-15,3.8176,0.01
72/A/NBP/2016,2016-04-14,3.8174,1.07
71/A/NBP/2016,2016-04-13,3.7771,0.75
70/A/NBP/2016,2016-04-12,3.749,-0.26
69/A/NBP/2016,2016-04-11,3.7587,-0.3
68/A/NBP/2016,2016-04-08,3.7701,0.77
67/A/NBP/2016,2016-04-07,3.7414,-0.26
66/A/NBP/2016,2016-04-06,3.751,0.46
65/A/NBP/2016,2016-04-05,3.7337,0.22
64/A/NBP/2016,2016-04-04,3.7254,0.16
63/A/NBP/2016,2016-04-01,3.7193,-1.06
62/A/NBP/2016,2016-03-31,3.759,0.25
61/A/NBP/2016,2016-03-30,3.7495,-1.42
60/A/NBP/2016,2016-03-29,3.8037,-0.36
59/A/NBP/2016,2016-03-25,3.8174,-0.17
58/A/NBP/2016,2016-03-24,3.824,0.61
57/A/NBP/2016,2016-03-23,3.801,0.01
56/A/NBP/2016,2016-03-22,3.8005,0.44
55/A/NBP/2016,2016-03-21,3.7838,-0.12
54/A/NBP/2016,2016-03-18,3.7882,-0.41
53/A/NBP/2016,2016-03-17,3.8037,-1.84
52/A/NBP/2016,2016-03-16,3.8749,0.26
51/A/NBP/2016,2016-03-15,3.8649,0.47
50/A/NBP/2016,2016-03-14,3.847,-1.11
49/A/NBP/2016,2016-03-11,3.8903,-1.06
48/A/NBP/2016,2016-03-10,3.932,-0.19
47/A/NBP/2016,2016-03-09,3.9395,0.16
46/A/NBP/2016,2016-03-08,3.9333,-0.46
45/A/NBP/2016,2016-03-07,3.9515,-0.08
44/A/NBP/2016,2016-03-04,3.9545,-0.65
43/A/NBP/2016,2016-03-03,3.9805,-0.14
42/A/NBP/2016,2016-03-02,3.9861,-0.16
41/A/NBP/2016,2016-03-01,3.9924,-0.03
40/A/NBP/2016,2016-02-29,3.9935,0.99
39/A/NBP/2016,2016-02-26,3.9545,-0.4
38/A/NBP/2016,2016-02-25,3.9705,-0.25
37/A/NBP/2016,2016-02-24,3.9803,0.33
36/A/NBP/2016,2016-02-23,3.9671,0.71
35/A/NBP/2016,2016-02-22,3.9391,-0.35
34/A/NBP/2016,2016-02-19,3.9531,0.29
33/A/NBP/2016,2016-02-18,3.9416,-0.04
32/A/NBP/2016,2016-02-17,3.9431,0.07
31/A/NBP/2016,2016-02-16,3.9404,0.47
30/A/NBP/2016,2016-02-15,3.922,0.37
29/A/NBP/2016,2016-02-12,3.9074,-0.37
28/A/NBP/2016,2016-02-11,3.9219,-0.42
27/A/NBP/2016,2016-02-10,3.9383,-0.98
26/A/NBP/2016,2016-02-09,3.9771,0.62
25/A/NBP/2016,2016-02-08,3.9525,0.27
24/A/NBP/2016,2016-02-05,3.942,-0.18
23/A/NBP/2016,2016-02-04,3.9492,-2.07
22/A/NBP/2016,2016-02-03,4.0325,-0.02
21/A/NBP/2016,2016-02-02,4.0333,-0.75
20/A/NBP/2016,2016-02-01,4.0638,-0.21
19/A/NBP/2016,2016-01-29,4.0723,-0.36
18/A/NBP/2016,2016-01-28,4.0872,-0.66
17/A/NBP/2016,2016-01-27,4.1144,-0.8
16/A/NBP/2016,2016-01-26,4.1475,0.31
15/A/NBP/2016,2016-01-25,4.1346,0.77
14/A/NBP/2016,2016-01-22,4.1031,-0.66
13/A/NBP/2016,2016-01-21,4.1303,1.04
12/A/NBP/2016,2016-01-20,4.0877,-0.1
11/A/NBP/2016,2016-01-19,4.0917,-0.53
10/A/NBP/2016,2016-01-18,4.1133,1.79
9/A/NBP/2016,2016-01-15,4.0411,1.05
8/A/NBP/2016,2016-01-14,3.999,-0.19
7/A/NBP/2016,2016-01-13,4.0068,-0.25
6/A/NBP/2016,2016-01-12,4.017,0.21
5/A/NBP/2016,2016-01-11,4.0085,0.31
4/A/NBP/2016,2016-01-08,3.9963,-0.3
3/A/NBP/2016,2016-01-07,4.0085,0.03
2/A/NBP/2016,2016-01-05,4.0073,2.02
1/A/NBP/2016,2016-01-04,3.9281,0.69
254/A/NBP/2015,2015-12-31,3.9011,0.54
253/A/NBP/2015,2015-12-30,3.8801,0.37
252/A/NBP/2015,2015-12-29,3.8659,-0.01
251/A/NBP/2015,2015-12-28,3.8663,-0.08
250/A/NBP/2015,2015-12-24,3.8695,-0.46
249/A/NBP/2015,2015-12-23,3.8872,0.22
248/A/NBP/2015,2015-12-22,3.8787,-1.05
247/A/NBP/2015,2015-12-21,3.92,-0.91
246/A/NBP/2015,2015-12-18,3.9558,-0.22
245/A/NBP/2015,2015-12-17,3.9646,0.01
244/A/NBP/2015,2015-12-16,3.9644,0.31
243/A/NBP/2015,2015-12-15,3.9523,-0.43
242/A/NBP/2015,2015-12-14,3.9695,-0.06
241/A/NBP/2015,2015-12-11,3.9718,0.3
240/A/NBP/2015,2015-12-10,3.9601,-0.26
239/A/NBP/2015,2015-12-09,3.9705,-0.43
238/A/NBP/2015,2015-12-08,3.9877,0.06
237/A/NBP/2015,2015-12-07,3.9853,0.62
236/A/NBP/2015,2015-12-04,3.9607,-1.96
235/A/NBP/2015,2015-12-03,4.04,0.24
234/A/NBP/2015,2015-12-02,4.0305,0.14
233/A/NBP/2015,2015-12-01,4.0248,-0.14
232/A/NBP/2015,2015-11-30,4.0304,-0.07
231/A/NBP/2015,2015-11-27,4.0333,0.09
230/A/NBP/2015,2015-11-26,4.0298,0.21
229/A/NBP/2015,2015-11-25,4.0215,0.48
228/A/NBP/2015,2015-11-24,4.0021,0.35
227/A/NBP/2015,2015-11-23,3.988,0.44
226/A/NBP/2015,2015-11-20,3.9706,-0.12
225/A/NBP/2015,2015-11-19,3.9754,-0.12
224/A/NBP/2015,2015-11-18,3.9802,0.07
223/A/NBP/2015,2015-11-17,3.9775,0.49
222/A/NBP/2015,2015-11-16,3.9581,0.49
221/A/NBP/2015,2015-11-13,3.9388,-0.12
220/A/NBP/2015,2015-11-12,3.9434,-0.34
219/A/NBP/2015,2015-11-10,3.957,-0.09
218/A/NBP/2015,2015-11-09,3.9605,1.36
217/A/NBP/2015,2015-11-06,3.9075,0.39
216/A/NBP/2015,2015-11-05,3.8925,0.13
215/A/NBP/2015,2015-11-04,3.8876,0.51
214/A/NBP/2015,2015-11-03,3.8678,0.23
213/A/NBP/2015,2015-11-02,3.859,-0.41
212/A/NBP/2015,2015-10-30,3.8748,-0.58
211/A/NBP/2015,2015-10-29,3.8974,0.38
210/A/NBP/2015,2015-10-28,3.8826,0.41
209/A/NBP/2015,2015-10-27,3.8669,0.06
208/A/NBP/2015,2015-10-26,3.8645,1.16
207/A/NBP/2015,2015-10-23,3.82,1.04
206/A/NBP/2015,2015-10-22,3.7806,0.48
205/A/NBP/2015,2015-10-21,3.7627,0.65
204/A/NBP/2015,2015-10-20,3.7385,0.32
203/A/NBP/2015,2015-10-19,3.7265,0.06
202/A/NBP/2015,2015-10-16,3.7243,0.8
201/A/NBP/2015,2015-10-15,3.6948,-0.49
200/A/NBP/2015,2015-10-14,3.7129,-0.19
199/A/NBP/2015,2015-10-13,3.7199,0.14
198/A/NBP/2015,2015-10-12,3.7148,-0.25
197/A/NBP/2015,2015-10-09,3.7242,-0.8
196/A/NBP/2015,2015-10-08,3.7543,-0.16
195/A/NBP/2015,2015-10-07,3.7604,-0.75
194/A/NBP/2015,2015-10-06,3.789,0.42
193/A/NBP/2015,2015-10-05,3.773,-0.78
192/A/NBP/2015,2015-10-02,3.8028,0.06
191/A/NBP/2015,2015-10-01,3.8005,0.66
190/A/NBP/2015,2015-09-30,3.7754,-0.12
189/A/NBP/2015,2015-09-29,3.7799,-0.16
188/A/NBP/2015,2015-09-28,3.7861,0.11
187/A/NBP/2015,2015-09-25,3.7818,0.35
186/A/NBP/2015,2015-09-24,3.7687,-0.3
185/A/NBP/2015,2015-09-23,3.7801,0.97
184/A/NBP/2015,2015-09-22,3.7438,0.97
183/A/NBP/2015,2015-09-21,3.708,0.93
182/A/NBP/2015,2015-09-18,3.6738,-1.05
181/A/NBP/2015,2015-09-17,3.7129,-0.5
180/A/NBP/2015,2015-09-16,3.7315,0.21
179/A/NBP/2015,2015-09-15,3.7238,0.31
178/A/NBP/2015,2015-09-14,3.7124,-0.38
177/A/NBP/2015,2015-09-11,3.7264,-1.02
176/A/NBP/2015,2015-09-10,3.7648,0.04
175/A/NBP/2015,2015-09-09,3.7634,-0.64
174/A/NBP/2015,2015-09-08,3.7878,-0.13
173/A/NBP/2015,2015-09-07,3.7928,-0.06
172/A/NBP/2015,2015-09-04,3.7952,0.82
171/A/NBP/2015,2015-09-03,3.7645,0.05
170/A/NBP/2015,2015-09-02,3.7626,0.33
169/A/NBP/2015,2015-09-01,3.7503,-0.73
168/A/NBP/2015,2015-08-31,3.778,0.77
167/A/NBP/2015,2015-08-28,3.7493,0.11
166/A/NBP/2015,2015-08-27,3.745,1.39
165/A/NBP/2015,2015-08-26,3.6937,0.88
164/A/NBP/2015,2015-08-25,3.6613,-0.97
163/A/NBP/2015,2015-08-24,3.6971,-0.9
162/A/NBP/2015,2015-08-21,3.7308,-0.93
161/A/NBP/2015,2015-08-20,3.7659,-0.16
160/A/NBP/2015,2015-08-19,3.7718,0.37
159/A/NBP/2015,2015-08-18,3.7578,-0.09
158/A/NBP/2015,2015-08-17,3.7613,0.15
157/A/NBP/2015,2015-08-14,3.7557,-0.18
156/A/NBP/2015,2015-08-13,3.7625,-0.48
155/A/NBP/2015,2015-08-12,3.7805,-0.74
154/A/NBP/2015,2015-08-11,3.8087,-0.42
153/A/NBP/2015,2015-08-10,3.8246,-0.21
152/A/NBP/2015,2015-08-07,3.8326,-0.15
151/A/NBP/2015,2015-08-06,3.8385,0.07
150/A/NBP/2015,2015-08-05,3.8359,1.5
149/A/NBP/2015,2015-08-04,3.7792,0.23
148/A/NBP/2015,2015-08-03,3.7705,-0.59
147/A/NBP/2015,2015-07-31,3.7929,0.46
146/A/NBP/2015,2015-07-30,3.7754,0.76
145/A/NBP/2015,2015-07-29,3.7471,0.45
144/A/NBP/2015,2015-07-28,3.7303,-0.41
143/A/NBP/2015,2015-07-27,3.7455,-0.53
142/A/NBP/2015,2015-07-24,3.7654,0.25
141/A/NBP/2015,2015-07-23,3.7559,-0.19
140/A/NBP/2015,2015-07-22,3.7629,-0.65
139/A/NBP/2015,2015-07-21,3.7875,0.02
138/A/NBP/2015,2015-07-20,3.7868,0.51
137/A/NBP/2015,2015-07-17,3.7676,-0.05
136/A/NBP/2015,2015-07-16,3.7694,0.6
135/A/NBP/2015,2015-07-15,3.747,-0.46
134/A/NBP/2015,2015-07-14,3.7645,0.27
133/A/NBP/2015,2015-07-13,3.7543,-0.44
132/A/NBP/2015,2015-07-10,3.7709,-1.52
131/A/NBP/2015,2015-07-09,3.829,0.17
130/A/NBP/2015,2015-07-08,3.8225,-0.23
129/A/NBP/2015,2015-07-07,3.8313,0.93
128/A/NBP/2015,2015-07-06,3.796,0.62
127/A/NBP/2015,2015-07-03,3.7726,-0.35
126/A/NBP/2015,2015-07-02,3.7859,0.62
125/A/NBP/2015,2015-07-01,3.7625,-0.05
124/A/NBP/2015,2015-06-30,3.7645,-0.07
123/A/NBP/2015,2015-06-29,3.7671,1.06
122/A/NBP/2015,2015-06-26,3.7275,-0.08
121/A/NBP/2015,2015-06-25,3.7305,0.54
120/A/NBP/2015,2015-06-24,3.7103,0.17
119/A/NBP/2015,2015-06-23,3.704,0.65
118/A/NBP/2015,2015-06-22,3.6799,-0.22
117/A/NBP/2015,2015-06-19,3.6879,0.88
116/A/NBP/2015,2015-06-18,3.6556,-0.86
115/A/NBP/2015,2015-06-17,3.6873,-0.16
114/A/NBP/2015,2015-06-16,3.6933,0.08
113/A/NBP/2015,2015-06-15,3.6905,-0.51
112/A/NBP/2015,2015-06-12,3.7094,0.75
111/A/NBP/2015,2015-06-11,3.6817,0.16
110/A/NBP/2015,2015-06-10,3.676,-0.58
109/A/NBP/2015,2015-06-09,3.6975,-1.09
108/A/NBP/2015,2015-06-08,3.7381,1.17
107/A/NBP/2015,2015-06-05,3.6949,-0.43
106/A/NBP/2015,2015-06-03,3.7108,-1.51
105/A/NBP/2015,2015-06-02,3.7676,-0.46
104/A/NBP/2015,2015-06-01,3.785,0.48
103/A/NBP/2015,2015-05-29,3.7671,-0.49
102/A/NBP/2015,2015-05-28,3.7858,-0.13
101/A/NBP/2015,2015-05-27,3.7906,0.02
100/A/NBP/2015,2015-05-26,3.7898,1.06
99/A/NBP/2015,2015-05-25,3.75,2.21
98/A/NBP/2015,2015-05-22,3.669,0.23
97/A/NBP/2015,2015-05-21,3.6605,0.18
96/A/NBP/2015,2015-05-20,3.6538,1.07
95/A/NBP/2015,2015-05-19,3.6152,1.69
94/A/NBP/2015,2015-05-18,3.555,-0.47
93/A/NBP/2015,2015-05-15,3.5719,-0.56
92/A/NBP/2015,2015-05-14,3.5921,-1.04
91/A/NBP/2015,2015-05-13,3.63,-0.4
90/A/NBP/2015,2015-05-12,3.6447,-0.12
89/A/NBP/2015,2015-05-11,3.6489,1.09
88/A/NBP/2015,2015-05-08,3.6095,0.74
87/A/NBP/2015,2015-05-07,3.583,-0.79
86/A/NBP/2015,2015-05-06,3.6116,-0.25
85/A/NBP/2015,2015-05-05,3.6205,-0.32
84/A/NBP/2015,2015-05-04,3.632,0.93
83/A/NBP/2015,2015-04-30,3.5987,-1.12
82/A/NBP/2015,2015-04-29,3.6396,-0.97
81/A/NBP/2015,2015-04-28,3.6751,-0.98
80/A/NBP/2015,2015-04-27,3.7115,0.6
79/A/NBP/2015,2015-04-24,3.6895,-1.27
78/A/NBP/2015,2015-04-23,3.7371,0.66
77/A/NBP/2015,2015-04-22,3.7125,-0.4
76/A/NBP/2015,2015-04-21,3.7275,-0.07
75/A/NBP/2015,2015-04-20,3.7302,0.07
74/A/NBP/2015,2015-04-17,3.7277,-1.24
73/A/NBP/2015,2015-04-16,3.7746,-0.34
72/A/NBP/2015,2015-04-15,3.7875,-0.33
71/A/NBP/2015,2015-04-14,3.8001,-0.23
70/A/NBP/2015,2015-04-13,3.8088,0.51
69/A/NBP/2015,2015-04-10,3.7894,1.28
68/A/NBP/2015,2015-04-09,3.7414,0.75
67/A/NBP/2015,2015-04-08,3.7135,-0.8
66/A/NBP/2015,2015-04-07,3.7435,-0.04
65/A/NBP/2015,2015-04-03,3.7449,-0.2
64/A/NBP/2015,2015-04-02,3.7524,-0.97
63/A/NBP/2015,2015-04-01,3.789,-0.62
62/A/NBP/2015,2015-03-31,3.8125,1.17
61/A/NBP/2015,2015-03-30,3.7685,-0.54
60/A/NBP/2015,2015-03-27,3.789,2.27
59/A/NBP/2015,2015-03-26,3.705,-0.82
58/A/NBP/2015,2015-03-25,3.7355,-0.26
57/A/NBP/2015,2015-03-24,3.7453,-1.9
56/A/NBP/2015,2015-03-23,3.818,-1.2
55/A/NBP/2015,2015-03-20,3.8645,0.13
54/A/NBP/2015,2015-03-19,3.8596,-1.22
53/A/NBP/2015,2015-03-18,3.9073,0.1
52/A/NBP/2015,2015-03-17,3.9034,-0.58
51/A/NBP/2015,2015-03-16,3.926,0.3
50/A/NBP/2015,2015-03-13,3.9141,0.55
49/A/NBP/2015,2015-03-12,3.8928,-0.42
48/A/NBP/2015,2015-03-11,3.9091,1.95
47/A/NBP/2015,2015-03-10,3.8345,1.2
46/A/NBP/2015,2015-03-09,3.789,0.64
45/A/NBP/2015,2015-03-06,3.7649,0.33
44/A/NBP/2015,2015-03-05,3.7525,0.11
43/A/NBP/2015,2015-03-04,3.7485,0.79
42/A/NBP/2015,2015-03-03,3.719,0.37
41/A/NBP/2015,2015-03-02,3.7053,0.2
40/A/NBP/2015,2015-02-27,3.698,1.26
39/A/NBP/2015,2015-02-26,3.6519,-0.35
38/A/NBP/2015,2015-02-25,3.6649,-0.81
37/A/NBP/2015,2015-02-24,3.6948,0.04
36/A/NBP/2015,2015-02-23,3.6933,0.1
35/A/NBP/2015,2015-02-20,3.6895,0.72
34/A/NBP/2015,2015-02-19,3.6631,-0.42
33/A/NBP/2015,2015-02-18,3.6784,-0.01
32/A/NBP/2015,2015-02-17,3.6788,0.34
31/A/NBP/2015,2015-02-16,3.6665,0.31
30/A/NBP/2015,2015-02-13,3.6552,-1.01
29/A/NBP/2015,2015-02-12,3.6926,-0.45
28/A/NBP/2015,2015-02-11,3.7094,-0.34
27/A/NBP/2015,2015-02-10,3.722,1.11
26/A/NBP/2015,2015-02-09,3.6811,1.14
25/A/NBP/2015,2015-02-06,3.6395,-0.71
24/A/NBP/2015,2015-02-05,3.6656,0.59
23/A/NBP/2015,2015-02-04,3.644,-1.21
22/A/NBP/2015,2015-02-03,3.6886,0.23
21/A/NBP/2015,2015-02-02,3.6801,-1.08
20/A/NBP/2015,2015-01-30,3.7204,-0.57
19/A/NBP/2015,2015-01-29,3.7418,0.38
18/A/NBP/2015,2015-01-28,3.7276,-0.19
17/A/NBP/2015,2015-01-27,3.7348,-0.67
16/A/NBP/2015,2015-01-26,3.7601,-0.23
15/A/NBP/2015,2015-01-23,3.7687,1.87
14/A/NBP/2015,2015-01-22,3.6994,-0.97
13/A/NBP/2015,2015-01-21,3.7358,0.03
12/A/NBP/2015,2015-01-20,3.7346,0.46
11/A/NBP/2015,2015-01-19,3.7176,0.01
10/A/NBP/2015,2015-01-16,3.7174,1.6
9/A/NBP/2015,2015-01-15,3.6588,0.17
8/A/NBP/2015,2015-01-14,3.6525,0.75
7/A/NBP/2015,2015-01-13,3.6252,0.09
6/A/NBP/2015,2015-01-12,3.6218,-0.09
5/A/NBP/2015,2015-01-09,3.6252,-0.63
4/A/NBP/2015,2015-01-08,3.6482,0.29
3/A/NBP/2015,2015-01-07,3.6375,1.11
2/A/NBP/2015,2015-01-05,3.5975,0.7
1/A/NBP/2015,2015-01-02,3.5725,1.86
252/A/NBP/2014,2014-12-31,3.5072,-1.09
251/A/NBP/2014,2014-12-30,3.5458,0.53
250/A/NBP/2014,2014-12-29,3.527,-0.06
249/A/NBP/2014,2014-12-24,3.529,1.01
248/A/NBP/2014,2014-12-23,3.4937,0.49
247/A/NBP/2014,2014-12-22,3.4767,-0.07
246/A/NBP/2014,2014-12-19,3.4791,1.05
245/A/NBP/2014,2014-12-18,3.4428,1.47
244/A/NBP/2014,2014-12-17,3.3928,1.21
243/A/NBP/2014,2014-12-16,3.3522,-0.29
242/A/NBP/2014,2014-12-15,3.3621,-0.05
241/A/NBP/2014,2014-12-12,3.3639,0.08
240/A/NBP/2014,2014-12-11,3.3611,0.12
239/A/NBP/2014,2014-12-10,3.3572,-0.34
238/A/NBP/2014,2014-12-09,3.3688,-0.85
237/A/NBP/2014,2014-12-08,3.3978,1.07
236/A/NBP/2014,2014-12-05,3.3619,-0.32
235/A/NBP/2014,2014-12-04,3.3728,-0.01
234/A/NBP/2014,2014-12-03,3.373,0.79
233/A/NBP/2014,2014-12-02,3.3466,-0.16
232/A/NBP/2014,2014-12-01,3.3519,-0.26
231/A/NBP/2014,2014-11-28,3.3605,0.23
230/A/NBP/2014,2014-11-27,3.3528,-0.05
229/A/NBP/2014,2014-11-26,3.3546,-0.47
228/A/NBP/2014,2014-11-25,3.3706,-0.4
227/A/NBP/2014,2014-11-24,3.3842,0.04
226/A/NBP/2014,2014-11-21,3.3827,0.44
225/A/NBP/2014,2014-11-20,3.368,0.07
224/A/NBP/2014,2014-11-19,3.3655,-0.15
223/A/NBP/2014,2014-11-18,3.3706,-0.33
222/A/NBP/2014,2014-11-17,3.3819,-0.34
221/A/NBP/2014,2014-11-14,3.3933,0.22
220/A/NBP/2014,2014-11-13,3.386,-0.31
219/A/NBP/2014,2014-11-12,3.3966,0.6
218/A/NBP/2014,2014-11-10,3.3765,-0.94
217/A/NBP/2014,2014-11-07,3.4084,0.93
216/A/NBP/2014,2014-11-06,3.3769,-0.35
215/A/NBP/2014,2014-11-05,3.3887,0.33
214/A/NBP/2014,2014-11-04,3.3776,0.01
213/A/NBP/2014,2014-11-03,3.3772,0.94
212/A/NBP/2014,2014-10-31,3.3459,-0.4
211/A/NBP/2014,2014-10-30,3.3592,1.21
210/A/NBP/2014,2014-10-29,3.3192,-0.31
209/A/NBP/2014,2014-10-28,3.3295,0.02
208/A/NBP/2014,2014-10-27,3.3288,-0.3
207/A/NBP/2014,2014-10-24,3.3387,-0.01
206/A/NBP/2014,2014-10-23,3.339,0.35
205/A/NBP/2014,2014-10-22,3.3275,0.87
204/A/NBP/2014,2014-10-21,3.2987,-0.37
203/A/NBP/2014,2014-10-20,3.3109,0.44
202/A/NBP/2014,2014-10-17,3.2964,-0.06
201/A/NBP/2014,2014-10-16,3.2985,-0.83
200/A/NBP/2014,2014-10-15,3.3262,0.5
199/A/NBP/2014,2014-10-14,3.3095,0.1
198/A/NBP/2014,2014-10-13,3.3062,0.23
197/A/NBP/2014,2014-10-10,3.2985,0.64
196/A/NBP/2014,2014-10-09,3.2776,-0.83
195/A/NBP/2014,2014-10-08,3.305,-0.17
194/A/NBP/2014,2014-10-07,3.3106,-0.71
193/A/NBP/2014,2014-10-06,3.3343,0.8
192/A/NBP/2014,2014-10-03,3.3079,0.12
191/A/NBP/2014,2014-10-02,3.3039,-0.4
190/A/NBP/2014,2014-10-01,3.3172,0.6
189/A/NBP/2014,2014-09-30,3.2973,-0.08
188/A/NBP/2014,2014-09-29,3.3,0.68
187/A/NBP/2014,2014-09-26,3.2776,-0.14
186/A/NBP/2014,2014-09-25,3.2823,0.92
185/A/NBP/2014,2014-09-24,3.2525,0.29
184/A/NBP/2014,2014-09-23,3.243,-0.43
183/A/NBP/2014,2014-09-22,3.257,0.19
182/A/NBP/2014,2014-09-19,3.2507,0.05
181/A/NBP/2014,2014-09-18,3.249,0.49
180/A/NBP/2014,2014-09-17,3.2331,-0.27
179/A/NBP/2014,2014-09-16,3.2419,-0.32
178/A/NBP/2014,2014-09-15,3.2522,0.17
177/A/NBP/2014,2014-09-12,3.2468,0.1
176/A/NBP/2014,2014-09-11,3.2435,-0.22
175/A/NBP/2014,2014-09-10,3.2508,-0.3
174/A/NBP/2014,2014-09-09,3.2605,0.93
173/A/NBP/2014,2014-09-08,3.2303,-0.16
172/A/NBP/2014,2014-09-05,3.2354,1.27
171/A/NBP/2014,2014-09-04,3.1947,0.11
170/A/NBP/2014,2014-09-03,3.1912,-0.62
169/A/NBP/2014,2014-09-02,3.2112,0.24
168/A/NBP/2014,2014-09-01,3.2035,0.22
167/A/NBP/2014,2014-08-29,3.1965,0.41
166/A/NBP/2014,2014-08-28,3.1834,0.22
165/A/NBP/2014,2014-08-27,3.1764,0.25
164/A/NBP/2014,2014-08-26,3.1686,0.02
163/A/NBP/2014,2014-08-25,3.168,0.51
162/A/NBP/2014,2014-08-22,3.152,-0.16
161/A/NBP/2014,2014-08-21,3.1569,0.31
160/A/NBP/2014,2014-08-20,3.147,0.36
159/A/NBP/2014,2014-08-19,3.1356,0.04
158/A/NBP/2014,2014-08-18,3.1342,0.18
157/A/NBP/2014,2014-08-14,3.1285,-0.5
156/A/NBP/2014,2014-08-13,3.1442,-0.07
155/A/NBP/2014,2014-08-12,3.1465,0.28
154/A/NBP/2014,2014-08-11,3.1378,-0.42
153/A/NBP/2014,2014-08-08,3.1509,0.36
152/A/NBP/2014,2014-08-07,3.1397,0.06
151/A/NBP/2014,2014-08-06,3.1377,0.82
150/A/NBP/2014,2014-08-05,3.1121,0.02
149/A/NBP/2014,2014-08-04,3.1114,-0.53
148/A/NBP/2014,2014-08-01,3.128,0.6
147/A/NBP/2014,2014-07-31,3.1094,0.37
146/A/NBP/2014,2014-07-30,3.0978,0.25
145/A/NBP/2014,2014-07-29,3.09,0.13
144/A/NBP/2014,2014-07-28,3.086,0.09
143/A/NBP/2014,2014-07-25,3.0831,0.42
142/A/NBP/2014,2014-07-24,3.0702,-0.02
141/A/NBP/2014,2014-07-23,3.0707,-0.13
140/A/NBP/2014,2014-07-22,3.0748,0.16
139/A/NBP/2014,2014-07-21,3.07,0.16
138/A/NBP/2014,2014-07-18,3.0652,0.24
137/A/NBP/2014,2014-07-17,3.0579,0.25
136/A/NBP/2014,2014-07-16,3.0503,0.16
135/A/NBP/2014,2014-07-15,3.0454,0.28
134/A/NBP/2014,2014-07-14,3.0368,-0.19
133/A/NBP/2014,2014-07-11,3.0426,0.34
132/A/NBP/2014,2014-07-10,3.0323,0
131/A/NBP/2014,2014-07-09,3.0322,-0.39
130/A/NBP/2014,2014-07-08,3.0441,-0.18
129/A/NBP/2014,2014-07-07,3.0497,0.01
128/A/NBP/2014,2014-07-04,3.0495,0.25
127/A/NBP/2014,2014-07-03,3.0418,0.1
126/A/NBP/2014,2014-07-02,3.0387,0.11
125/A/NBP/2014,2014-07-01,3.0355,-0.39
124/A/NBP/2014,2014-06-30,3.0473,-0.04
123/A/NBP/2014,2014-06-27,3.0485,0.41
122/A/NBP/2014,2014-06-26,3.0361,-0.3
121/A/NBP/2014,2014-06-25,3.0451,-0.25
120/A/NBP/2014,2014-06-24,3.0526,-0.33
119/A/NBP/2014,2014-06-23,3.0627,0.43
118/A/NBP/2014,2014-06-20,3.0495,-0.31
117/A/NBP/2014,2014-06-18,3.0589,0.31
116/A/NBP/2014,2014-06-17,3.0495,-0.52
115/A/NBP/2014,2014-06-16,3.0654,0.9
114/A/NBP/2014,2014-06-13,3.0382,0.03
113/A/NBP/2014,2014-06-12,3.0374,-0.19
112/A/NBP/2014,2014-06-11,3.0431,0.42
111/A/NBP/2014,2014-06-10,3.0303,0.78
110/A/NBP/2014,2014-06-09,3.0067,-0.51
109/A/NBP/2014,2014-06-06,3.0222,-0.18
108/A/NBP/2014,2014-06-05,3.0275,-0.71
107/A/NBP/2014,2014-06-04,3.0491,0.14
106/A/NBP/2014,2014-06-03,3.0449,0.12
105/A/NBP/2014,2014-06-02,3.0413,-0.07
104/A/NBP/2014,2014-05-30,3.0435,0.13
103/A/NBP/2014,2014-05-29,3.0395,-0.66
102/A/NBP/2014,2014-05-28,3.0598,0.22
101/A/NBP/2014,2014-05-27,3.0532,0.22
100/A/NBP/2014,2014-05-26,3.0466,-0.08
99/A/NBP/2014,2014-05-23,3.049,-0.11
98/A/NBP/2014,2014-05-22,3.0525,-0.05
97/A/NBP/2014,2014-05-21,3.054,-0.26
96/A/NBP/2014,2014-05-20,3.062,0.2
95/A/NBP/2014,2014-05-19,3.0558,-0.03
94/A/NBP/2014,2014-05-16,3.0567,-0.07
93/A/NBP/2014,2014-05-15,3.0589,0.36
92/A/NBP/2014,2014-05-14,3.048,0.33
91/A/NBP/2014,2014-05-13,3.0381,0.06
90/A/NBP/2014,2014-05-12,3.0362,0.38
89/A/NBP/2014,2014-05-09,3.0247,0.68
88/A/NBP/2014,2014-05-08,3.0042,-0.48
87/A/NBP/2014,2014-05-07,3.0187,-0.03
86/A/NBP/2014,2014-05-06,3.0196,-0.38
85/A/NBP/2014,2014-05-05,3.031,0.07
84/A/NBP/2014,2014-05-02,3.0289,-0.5
83/A/NBP/2014,2014-04-30,3.044,0.4
82/A/NBP/2014,2014-04-29,3.0318,-0.16
81/A/NBP/2014,2014-04-28,3.0368,-0.03
80/A/NBP/2014,2014-04-25,3.0378,0.31
79/A/NBP/2014,2014-04-24,3.0285,0.04
78/A/NBP/2014,2014-04-23,3.0273,-0.22
77/A/NBP/2014,2014-04-22,3.034,0.25
76/A/NBP/2014,2014-04-18,3.0265,-0.17
75/A/NBP/2014,2014-04-17,3.0317,0.15
74/A/NBP/2014,2014-04-16,3.0272,-0.17
73/A/NBP/2014,2014-04-15,3.0325,0.12
72/A/NBP/2014,2014-04-14,3.0288,0.67
71/A/NBP/2014,2014-04-11,3.0086,-0.02
70/A/NBP/2014,2014-04-10,3.0092,-0.43
69/A/NBP/2014,2014-04-09,3.0221,-0.18
68/A/NBP/2014,2014-04-08,3.0276,-0.56
67/A/NBP/2014,2014-04-07,3.0446,0.16
66/A/NBP/2014,2014-04-04,3.0397,0.22
65/A/NBP/2014,2014-04-03,3.033,0.14
64/A/NBP/2014,2014-04-02,3.0288,0.03
63/A/NBP/2014,2014-04-01,3.0278,-0.22
62/A/NBP/2014,2014-03-31,3.0344,-0.1
61/A/NBP/2014,2014-03-28,3.0374,-0.09
60/A/NBP/2014,2014-03-27,3.0401,0.27
59/A/NBP/2014,2014-03-26,3.0318,-0.08
58/A/NBP/2014,2014-03-25,3.0342,-0.46
57/A/NBP/2014,2014-03-24,3.0483,0.19
56/A/NBP/2014,2014-03-21,3.0425,-0.25
55/A/NBP/2014,2014-03-20,3.05,0.84
54/A/NBP/2014,2014-03-19,3.0245,-0.5
53/A/NBP/2014,2014-03-18,3.0396,-0.11
52/A/NBP/2014,2014-03-17,3.043,-0.17
51/A/NBP/2014,2014-03-14,3.0481,0.65
50/A/NBP/2014,2014-03-13,3.0284,-0.73
49/A/NBP/2014,2014-03-12,3.0508,0.19
48/A/NBP/2014,2014-03-11,3.0449,0.6
47/A/NBP/2014,2014-03-10,3.0266,0.27
46/A/NBP/2014,2014-03-07,3.0185,-0.8
45/A/NBP/2014,2014-03-06,3.0427,-0.16
44/A/NBP/2014,2014-03-05,3.0477,-0.04
43/A/NBP/2014,2014-03-04,3.0489,0.09
42/A/NBP/2014,2014-03-03,3.0462,0.69
41/A/NBP/2014,2014-02-28,3.0254,-1.31
40/A/NBP/2014,2014-02-27,3.0655,1.31
39/A/NBP/2014,2014-02-26,3.026,-0.01
38/A/NBP/2014,2014-02-25,3.0264,0.03
37/A/NBP/2014,2014-02-24,3.0255,-0.44
36/A/NBP/2014,2014-02-21,3.0389,-0.33
35/A/NBP/2014,2014-02-20,3.049,0.67
34/A/NBP/2014,2014-02-19,3.0286,-0.05
33/A/NBP/2014,2014-02-18,3.03,0.17
32/A/NBP/2014,2014-02-17,3.025,-0.28
31/A/NBP/2014,2014-02-14,3.0334,-0.65
30/A/NBP/2014,2014-02-13,3.0532,-0.07
29/A/NBP/2014,2014-02-12,3.0552,-0.09
28/A/NBP/2014,2014-02-11,3.0581,-0.33
27/A/NBP/2014,2014-02-10,3.0683,-0.56
26/A/NBP/2014,2014-02-07,3.0857,-0.3
25/A/NBP/2014,2014-02-06,3.095,-0.12
24/A/NBP/2014,2014-02-05,3.0987,-0.65
23/A/NBP/2014,2014-02-04,3.1189,-0.58
22/A/NBP/2014,2014-02-03,3.137,0.26
21/A/NBP/2014,2014-01-31,3.1288,0.39
20/A/NBP/2014,2014-01-30,3.1166,1.09
19/A/NBP/2014,2014-01-29,3.0829,0.63
18/A/NBP/2014,2014-01-28,3.0635,-0.81
17/A/NBP/2014,2014-01-27,3.0884,0.51
16/A/NBP/2014,2014-01-24,3.0727,0.55
15/A/NBP/2014,2014-01-23,3.0559,-0.66
14/A/NBP/2014,2014-01-22,3.0761,-0.01
13/A/NBP/2014,2014-01-21,3.0763,0.27
12/A/NBP/2014,2014-01-20,3.068,0.27
11/A/NBP/2014,2014-01-17,3.0596,0.1
10/A/NBP/2014,2014-01-16,3.0566,0.23
9/A/NBP/2014,2014-01-15,3.0495,0.31
8/A/NBP/2014,2014-01-14,3.04,-0.16
7/A/NBP/2014,2014-01-13,3.045,-0.81
6/A/NBP/2014,2014-01-10,3.07,0.02
5/A/NBP/2014,2014-01-09,3.0695,-0.07
4/A/NBP/2014,2014-01-08,3.0717,0.09
3/A/NBP/2014,2014-01-07,3.0688,0.56
2/A/NBP/2014,2014-01-03,3.0517,0.67
1/A/NBP/2014,2014-01-02,3.0315,0.65
251/A/NBP/2013,2013-12-31,3.012,-0.2
250/A/NBP/2013,2013-12-30,3.018,0.25
249/A/NBP/2013,2013-12-27,3.0105,-0.79
248/A/NBP/2013,2013-12-24,3.0346,-0.32
247/A/NBP/2013,2013-12-23,3.0443,-0.27
246/A/NBP/2013,2013-12-20,3.0525,0.11
245/A/NBP/2013,2013-12-19,3.049,0.32
244/A/NBP/2013,2013-12-18,3.0393,0.11
243/A/NBP/2013,2013-12-17,3.036,0.03
242/A/NBP/2013,2013-12-16,3.035,-0.27
241/A/NBP/2013,2013-12-13,3.0432,0.06
240/A/NBP/2013,2013-12-12,3.0415,0.1
239/A/NBP/2013,2013-12-11,3.0386,-0.13
238/A/NBP/2013,2013-12-10,3.0425,-0.36
237/A/NBP/2013,2013-12-09,3.0534,-0.45
236/A/NBP/2013,2013-12-06,3.0673,-0.64
235/A/NBP/2013,2013-12-05,3.087,-0.15
234/A/NBP/2013,2013-12-04,3.0916,-0.18
233/A/NBP/2013,2013-12-03,3.0973,0.03
232/A/NBP/2013,2013-12-02,3.0965,0.39
231/A/NBP/2013,2013-11-29,3.0846,-0.08
230/A/NBP/2013,2013-11-28,3.0872,-0.09
229/A/NBP/2013,2013-11-27,3.0899,-0.15
228/A/NBP/2013,2013-11-26,3.0945,-0.24
227/A/NBP/2013,2013-11-25,3.1019,-0.19
226/A/NBP/2013,2013-11-22,3.1077,-0.48
225/A/NBP/2013,2013-11-21,3.1227,0.9
224/A/NBP/2013,2013-11-20,3.0947,0.07
223/A/NBP/2013,2013-11-19,3.0925,-0.09
222/A/NBP/2013,2013-11-18,3.0953,-0.7
221/A/NBP/2013,2013-11-15,3.1172,0.07
220/A/NBP/2013,2013-11-14,3.115,-0.66
219/A/NBP/2013,2013-11-13,3.1358,-0.29
218/A/NBP/2013,2013-11-12,3.1448,1.01
217/A/NBP/2013,2013-11-08,3.1133,0.94
216/A/NBP/2013,2013-11-07,3.0844,-0.17
215/A/NBP/2013,2013-11-06,3.0896,-0.27
214/A/NBP/2013,2013-11-05,3.0981,0.02
213/A/NBP/2013,2013-11-04,3.0975,1.53
212/A/NBP/2013,2013-10-31,3.0507,0.24
211/A/NBP/2013,2013-10-30,3.0433,-0.01
210/A/NBP/2013,2013-10-29,3.0436,0.55
209/A/NBP/2013,2013-10-28,3.0271,-0.18
208/A/NBP/2013,2013-10-25,3.0326,0.01
207/A/NBP/2013,2013-10-24,3.0323,-0.2
206/A/NBP/2013,2013-10-23,3.0385,-0.59
205/A/NBP/2013,2013-10-22,3.0564,-0.18
204/A/NBP/2013,2013-10-21,3.062,0.37
203/A/NBP/2013,2013-10-18,3.0506,-0.39
202/A/NBP/2013,2013-10-17,3.0625,-0.74
201/A/NBP/2013,2013-10-16,3.0854,-0.13
200/A/NBP/2013,2013-10-15,3.0893,-0.14
199/A/NBP/2013,2013-10-14,3.0936,0.28
198/A/NBP/2013,2013-10-11,3.085,-0.46
197/A/NBP/2013,2013-10-10,3.0994,-0.2
196/A/NBP/2013,2013-10-09,3.1057,0.6
195/A/NBP/2013,2013-10-08,3.0873,-0.33
194/A/NBP/2013,2013-10-07,3.0976,0.24
193/A/NBP/2013,2013-10-04,3.0902,-0.16
192/A/NBP/2013,2013-10-03,3.0951,-0.84
191/A/NBP/2013,2013-10-02,3.1212,0.13
190/A/NBP/2013,2013-10-01,3.117,-0.18
189/A/NBP/2013,2013-09-30,3.1227,-0.32
188/A/NBP/2013,2013-09-27,3.1328,0.16
187/A/NBP/2013,2013-09-26,3.1277,0.14
186/A/NBP/2013,2013-09-25,3.1234,-0.33
185/A/NBP/2013,2013-09-24,3.1338,0.25
184/A/NBP/2013,2013-09-23,3.126,0.35
183/A/NBP/2013,2013-09-20,3.1152,1.03
182/A/NBP/2013,2013-09-19,3.0833,-2.7
181/A/NBP/2013,2013-09-18,3.1689,0.43
180/A/NBP/2013,2013-09-17,3.1552,0.37
179/A/NBP/2013,2013-09-16,3.1435,-0.82
178/A/NBP/2013,2013-09-13,3.1696,-0.27
177/A/NBP/2013,2013-09-12,3.1782,-0.54
176/A/NBP/2013,2013-09-11,3.1955,-0.7
175/A/NBP/2013,2013-09-10,3.2181,-0.54
174/A/NBP/2013,2013-09-09,3.2357,-1.15
173/A/NBP/2013,2013-09-06,3.2732,0.83
172/A/NBP/2013,2013-09-05,3.2463,0.23
171/A/NBP/2013,2013-09-04,3.2387,-0.14
170/A/NBP/2013,2013-09-03,3.2433,0.84
169/A/NBP/2013,2013-09-02,3.2164,-0.14
168/A/NBP/2013,2013-08-30,3.2209,-0.19
167/A/NBP/2013,2013-08-29,3.2269,1.35
166/A/NBP/2013,2013-08-28,3.184,-0.03
165/A/NBP/2013,2013-08-27,3.1849,0.6
164/A/NBP/2013,2013-08-26,3.1658,-0.05
163/A/NBP/2013,2013-08-23,3.1673,-0.43
162/A/NBP/2013,2013-08-22,3.1811,0.36
161/A/NBP/2013,2013-08-21,3.1698,-0.2
160/A/NBP/2013,2013-08-20,3.1761,-0.35
159/A/NBP/2013,2013-08-19,3.1873,0.66
158/A/NBP/2013,2013-08-16,3.1665,0.07
157/A/NBP/2013,2013-08-14,3.1643,0.49
156/A/NBP/2013,2013-08-13,3.1489,-0.07
155/A/NBP/2013,2013-08-12,3.151,0.56
154/A/NBP/2013,2013-08-09,3.1336,-0.53
153/A/NBP/2013,2013-08-08,3.1503,-0.7
152/A/NBP/2013,2013-08-07,3.1725,-0.06
151/A/NBP/2013,2013-08-06,3.1744,-0.08
150/A/NBP/2013,2013-08-05,3.1771,-1.34
149/A/NBP/2013,2013-08-02,3.2201,0.75
148/A/NBP/2013,2013-08-01,3.1961,0.1
147/A/NBP/2013,2013-07-31,3.1929,0.41
146/A/NBP/2013,2013-07-30,3.1798,-0.19
145/A/NBP/2013,2013-07-29,3.1859,0.09
144/A/NBP/2013,2013-07-26,3.1831,-0.97
143/A/NBP/2013,2013-07-25,3.2143,1.08
142/A/NBP/2013,2013-07-24,3.18,-0.63
141/A/NBP/2013,2013-07-23,3.2001,-0.44
140/A/NBP/2013,2013-07-22,3.2142,-0.64
139/A/NBP/2013,2013-07-19,3.2348,-0.04
138/A/NBP/2013,2013-07-18,3.2362,-0.15
137/A/NBP/2013,2013-07-17,3.241,-0.99
136/A/NBP/2013,2013-07-16,3.2735,-0.67
135/A/NBP/2013,2013-07-15,3.2955,-0.74
134/A/NBP/2013,2013-07-12,3.3201,-0.07
133/A/NBP/2013,2013-07-11,3.3225,-1.48
132/A/NBP/2013,2013-07-10,3.3724,0.4
131/A/NBP/2013,2013-07-09,3.3588,0.04
130/A/NBP/2013,2013-07-08,3.3576,1
129/A/NBP/2013,2013-07-05,3.3245,0
128/A/NBP/2013,2013-07-04,3.3246,-0.81
127/A/NBP/2013,2013-07-03,3.3516,0.88
126/A/NBP/2013,2013-07-02,3.3222,0.04
125/A/NBP/2013,2013-07-01,3.321,0.11
124/A/NBP/2013,2013-06-28,3.3175,-0.2
123/A/NBP/2013,2013-06-27,3.3241,0.01
122/A/NBP/2013,2013-06-26,3.3239,1.21
121/A/NBP/2013,2013-06-25,3.284,-0.9
120/A/NBP/2013,2013-06-24,3.3137,1.2
119/A/NBP/2013,2013-06-21,3.2743,0.15
118/A/NBP/2013,2013-06-20,3.2693,2.88
117/A/NBP/2013,2013-06-19,3.1777,0.3
116/A/NBP/2013,2013-06-18,3.1682,-0.12
115/A/NBP/2013,2013-06-17,3.1719,0.21
114/A/NBP/2013,2013-06-14,3.1654,-1.08
113/A/NBP/2013,2013-06-13,3.2,-0.01
112/A/NBP/2013,2013-06-12,3.2002,-0.62
111/A/NBP/2013,2013-06-11,3.2201,-0.03
110/A/NBP/2013,2013-06-10,3.221,-1.03
109/A/NBP/2013,2013-06-07,3.2545,-0.06
108/A/NBP/2013,2013-06-06,3.2564,0.44
107/A/NBP/2013,2013-06-05,3.2421,-0.32
106/A/NBP/2013,2013-06-04,3.2524,-1.04
105/A/NBP/2013,2013-06-03,3.2865,-0.27
104/A/NBP/2013,2013-05-31,3.2953,0.37
103/A/NBP/2013,2013-05-29,3.2831,1.13
102/A/NBP/2013,2013-05-28,3.2465,0.15
101/A/NBP/2013,2013-05-27,3.2416,0.05
100/A/NBP/2013,2013-05-24,3.24,-0.57
99/A/NBP/2013,2013-05-23,3.2587,0.82
98/A/NBP/2013,2013-05-22,3.2322,-0.52
97/A/NBP/2013,2013-05-21,3.249,0.34
96/A/NBP/2013,2013-05-20,3.238,-0.43
95/A/NBP/2013,2013-05-17,3.252,0
94/A/NBP/2013,2013-05-16,3.2521,0.56
93/A/NBP/2013,2013-05-15,3.234,1.07
92/A/NBP/2013,2013-05-14,3.1998,-0.17
91/A/NBP/2013,2013-05-13,3.2051,0.6
90/A/NBP/2013,2013-05-10,3.1861,1.49
89/A/NBP/2013,2013-05-09,3.1392,-0.69
88/A/NBP/2013,2013-05-08,3.1609,-0.5
87/A/NBP/2013,2013-05-07,3.1767,0.38
86/A/NBP/2013,2013-05-06,3.1646,0.49
85/A/NBP/2013,2013-05-02,3.1492,-0.72
84/A/NBP/2013,2013-04-30,3.1721,0.03
83/A/NBP/2013,2013-04-29,3.1712,-0.72
82/A/NBP/2013,2013-04-26,3.1943,0.47
81/A/NBP/2013,2013-04-25,3.1792,-0.1
80/A/NBP/2013,2013-04-24,3.1823,0.04
79/A/NBP/2013,2013-04-23,3.1811,1.15
78/A/NBP/2013,2013-04-22,3.1448,0.12
77/A/NBP/2013,2013-04-19,3.1409,-0.38
76/A/NBP/2013,2013-04-18,3.1529,1.19
75/A/NBP/2013,2013-04-17,3.1159,-1.27
74/A/NBP/2013,2013-04-16,3.1559,0.18
73/A/NBP/2013,2013-04-15,3.1502,-0.11
72/A/NBP/2013,2013-04-12,3.1537,0.49
71/A/NBP/2013,2013-04-11,3.1382,-0.07
70/A/NBP/2013,2013-04-10,3.1405,-0.92
69/A/NBP/2013,2013-04-09,3.1696,-0.62
68/A/NBP/2013,2013-04-08,3.1893,-1.44
67/A/NBP/2013,2013-04-05,3.2358,-1.2
66/A/NBP/2013,2013-04-04,3.275,0.17
65/A/NBP/2013,2013-04-03,3.2693,0.43
64/A/NBP/2013,2013-04-02,3.2552,-0.12
63/A/NBP/2013,2013-03-29,3.259,-0.56
62/A/NBP/2013,2013-03-28,3.2773,0.42
61/A/NBP/2013,2013-03-27,3.2635,0.64
60/A/NBP/2013,2013-03-26,3.2427,1.49
59/A/NBP/2013,2013-03-25,3.195,-1.27
58/A/NBP/2013,2013-03-22,3.2361,-0.08
57/A/NBP/2013,2013-03-21,3.2387,0.68
56/A/NBP/2013,2013-03-20,3.2169,0.36
55/A/NBP/2013,2013-03-19,3.2055,0.12
54/A/NBP/2013,2013-03-18,3.2015,0.46
53/A/NBP/2013,2013-03-15,3.1868,-0.41
52/A/NBP/2013,2013-03-14,3.2,0.43
51/A/NBP/2013,2013-03-13,3.1863,-0.08
50/A/NBP/2013,2013-03-12,3.1887,0.19
49/A/NBP/2013,2013-03-11,3.1828,0.44
48/A/NBP/2013,2013-03-08,3.169,-0.37
47/A/NBP/2013,2013-03-07,3.1808,0.47
46/A/NBP/2013,2013-03-06,3.166,-0.02
45/A/NBP/2013,2013-03-05,3.1665,-0.54
44/A/NBP/2013,2013-03-04,3.1837,0.21
43/A/NBP/2013,2013-03-01,3.1769,0.28
42/A/NBP/2013,2013-02-28,3.1679,-0.51
41/A/NBP/2013,2013-02-27,3.1841,0.34
40/A/NBP/2013,2013-02-26,3.1733,1.02
39/A/NBP/2013,2013-02-25,3.1412,-0.1
38/A/NBP/2013,2013-02-22,3.1443,-0.6
37/A/NBP/2013,2013-02-21,3.1633,2.04
36/A/NBP/2013,2013-02-20,3.1002,-1.14
35/A/NBP/2013,2013-02-19,3.136,-0.16
34/A/NBP/2013,2013-02-18,3.141,0.04
33/A/NBP/2013,2013-02-15,3.1398,0.61
32/A/NBP/2013,2013-02-14,3.1209,0.64
31/A/NBP/2013,2013-02-13,3.1012,-0.47
30/A/NBP/2013,2013-02-12,3.1159,0.54
29/A/NBP/2013,2013-02-11,3.0991,-0.21
28/A/NBP/2013,2013-02-08,3.1056,0.55
27/A/NBP/2013,2013-02-07,3.0886,0.06
26/A/NBP/2013,2013-02-06,3.0868,0.12
25/A/NBP/2013,2013-02-05,3.0831,0.88
24/A/NBP/2013,2013-02-04,3.0563,-0.59
23/A/NBP/2013,2013-02-01,3.0744,-0.42
22/A/NBP/2013,2013-01-31,3.0874,-0.21
21/A/NBP/2013,2013-01-30,3.0938,-0.93
20/A/NBP/2013,2013-01-29,3.1229,0.5
19/A/NBP/2013,2013-01-28,3.1074,-0.36
18/A/NBP/2013,2013-01-25,3.1186,-1.01
17/A/NBP/2013,2013-01-24,3.1503,0.99
16/A/NBP/2013,2013-01-23,3.1195,-0.47
15/A/NBP/2013,2013-01-22,3.1341,-0.03
14/A/NBP/2013,2013-01-21,3.1351,1.38
13/A/NBP/2013,2013-01-18,3.0925,0.23
12/A/NBP/2013,2013-01-17,3.0853,-0.78
11/A/NBP/2013,2013-01-16,3.1097,1.13
10/A/NBP/2013,2013-01-15,3.075,-0.25
9/A/NBP/2013,2013-01-14,3.0828,-0.2
8/A/NBP/2013,2013-01-11,3.089,-0.74
7/A/NBP/2013,2013-01-10,3.1121,-1.25
6/A/NBP/2013,2013-01-09,3.1516,0.19
5/A/NBP/2013,2013-01-08,3.1457,-0.51
4/A/NBP/2013,2013-01-07,3.1618,-0.26
3/A/NBP/2013,2013-01-04,3.17,2.24
2/A/NBP/2013,2013-01-03,3.1005,1.13
1/A/NBP/2013,2013-01-02,3.066,-1.08
252/A/NBP/2012,2012-12-31,3.0996,0.33
251/A/NBP/2012,2012-12-28,3.0893,0.25
250/A/NBP/2012,2012-12-27,3.0816,0.05
249/A/NBP/2012,2012-12-24,3.08,0.03
248/A/NBP/2012,2012-12-21,3.0791,0.07
247/A/NBP/2012,2012-12-20,3.0769,0.26
246/A/NBP/2012,2012-12-19,3.069,-1.14
245/A/NBP/2012,2012-12-18,3.1044,0.03
244/A/NBP/2012,2012-12-17,3.1035,-0.75
243/A/NBP/2012,2012-12-14,3.1271,-0.2
242/A/NBP/2012,2012-12-13,3.1333,-0.4
241/A/NBP/2012,2012-12-12,3.1459,-0.59
240/A/NBP/2012,2012-12-11,3.1645,-1.04
239/A/NBP/2012,2012-12-10,3.1978,0.15
238/A/NBP/2012,2012-12-07,3.193,1.24
237/A/NBP/2012,2012-12-06,3.1538,0.07
236/A/NBP/2012,2012-12-05,3.1516,-0.19
235/A/NBP/2012,2012-12-04,3.1575,0.24
234/A/NBP/2012,2012-12-03,3.1498,-0.28
233/A/NBP/2012,2012-11-30,3.1585,0.09
232/A/NBP/2012,2012-11-29,3.1556,-0.76
231/A/NBP/2012,2012-11-28,3.1799,0.52
230/A/NBP/2012,2012-11-27,3.1634,-0.35
229/A/NBP/2012,2012-11-26,3.1744,-0.63
228/A/NBP/2012,2012-11-23,3.1945,-0.24
227/A/NBP/2012,2012-11-22,3.2021,-0.82
226/A/NBP/2012,2012-11-21,3.2287,-0.14
225/A/NBP/2012,2012-11-20,3.2333,-0.52
224/A/NBP/2012,2012-11-19,3.2503,-0.55
223/A/NBP/2012,2012-11-16,3.2682,0.01
222/A/NBP/2012,2012-11-15,3.2678,-0.22
221/A/NBP/2012,2012-11-14,3.275,-0.59
220/A/NBP/2012,2012-11-13,3.2945,0.43
219/A/NBP/2012,2012-11-12,3.2803,0.66
218/A/NBP/2012,2012-11-09,3.2588,-0.21
217/A/NBP/2012,2012-11-08,3.2655,1.95
216/A/NBP/2012,2012-11-07,3.2031,-0.6
215/A/NBP/2012,2012-11-06,3.2223,0.04
214/A/NBP/2012,2012-11-05,3.2211,0.77
213/A/NBP/2012,2012-11-02,3.1965,0.5
212/A/NBP/2012,2012-10-31,3.1806,-0.72
211/A/NBP/2012,2012-10-30,3.2036,-0.34
210/A/NBP/2012,2012-10-29,3.2145,0.08
209/A/NBP/2012,2012-10-26,3.2119,0.84
208/A/NBP/2012,2012-10-25,3.1851,-0.45
207/A/NBP/2012,2012-10-24,3.1996,1.05
206/A/NBP/2012,2012-10-23,3.1662,0.61
205/A/NBP/2012,2012-10-22,3.147,-0.09
204/A/NBP/2012,2012-10-19,3.1499,0.59
203/A/NBP/2012,2012-10-18,3.1314,0.17
202/A/NBP/2012,2012-10-17,3.1261,-0.56
201/A/NBP/2012,2012-10-16,3.1438,-0.4
200/A/NBP/2012,2012-10-15,3.1565,-0.04
199/A/NBP/2012,2012-10-12,3.1577,-0.76
198/A/NBP/2012,2012-10-11,3.1819,0.39
197/A/NBP/2012,2012-10-10,3.1695,0.62
196/A/NBP/2012,2012-10-09,3.1501,0.23
195/A/NBP/2012,2012-10-08,3.143,0.25
194/A/NBP/2012,2012-10-05,3.1353,-0.93
193/A/NBP/2012,2012-10-04,3.1646,-0.78
192/A/NBP/2012,2012-10-03,3.1896,0.2
191/A/NBP/2012,2012-10-02,3.1833,0.08
190/A/NBP/2012,2012-10-01,3.1809,0.09
189/A/NBP/2012,2012-09-28,3.178,-1.41
188/A/NBP/2012,2012-09-27,3.2236,0.15
187/A/NBP/2012,2012-09-26,3.2187,0.16
186/A/NBP/2012,2012-09-25,3.2136,-0.14
185/A/NBP/2012,2012-09-24,3.218,1.48
184/A/NBP/2012,2012-09-21,3.1712,-1.18
183/A/NBP/2012,2012-09-20,3.2092,1.46
182/A/NBP/2012,2012-09-19,3.1631,0.39
181/A/NBP/2012,2012-09-18,3.1509,0.97
180/A/NBP/2012,2012-09-17,3.1207,0.24
179/A/NBP/2012,2012-09-14,3.1131,-2.26
178/A/NBP/2012,2012-09-13,3.1852,0.54
177/A/NBP/2012,2012-09-12,3.168,-1.3
176/A/NBP/2012,2012-09-11,3.2098,-0.28
175/A/NBP/2012,2012-09-10,3.2189,-1.19
174/A/NBP/2012,2012-09-07,3.2578,-1.14
173/A/NBP/2012,2012-09-06,3.2955,-2.19
172/A/NBP/2012,2012-09-05,3.3693,1.24
171/A/NBP/2012,2012-09-04,3.3281,-0.35
170/A/NBP/2012,2012-09-03,3.3398,0.13
169/A/NBP/2012,2012-08-31,3.3353,-0.13
168/A/NBP/2012,2012-08-30,3.3397,0.96
167/A/NBP/2012,2012-08-29,3.3081,1.21
166/A/NBP/2012,2012-08-28,3.2685,0.35
165/A/NBP/2012,2012-08-27,3.257,-0.34
164/A/NBP/2012,2012-08-24,3.268,0.59
163/A/NBP/2012,2012-08-23,3.2488,-0.46
162/A/NBP/2012,2012-08-22,3.2639,-0.46
161/A/NBP/2012,2012-08-21,3.279,-0.47
160/A/NBP/2012,2012-08-20,3.2944,0.18
159/A/NBP/2012,2012-08-17,3.2886,-1.1
158/A/NBP/2012,2012-08-16,3.3253,0.59
157/A/NBP/2012,2012-08-14,3.3059,-0.43
156/A/NBP/2012,2012-08-13,3.3202,0.02
155/A/NBP/2012,2012-08-10,3.3195,0.85
154/A/NBP/2012,2012-08-09,3.2915,-0.38
153/A/NBP/2012,2012-08-08,3.304,1.33
152/A/NBP/2012,2012-08-07,3.2606,-0.45
151/A/NBP/2012,2012-08-06,3.2752,-2.37
150/A/NBP/2012,2012-08-03,3.3548,0.26
149/A/NBP/2012,2012-08-02,3.3462,0.13
148/A/NBP/2012,2012-08-01,3.342,-0.26
147/A/NBP/2012,2012-07-31,3.3508,-0.81
146/A/NBP/2012,2012-07-30,3.378,-0.19
145/A/NBP/2012,2012-07-27,3.3843,-1.97
144/A/NBP/2012,2012-07-26,3.4523,-0.56
143/A/NBP/2012,2012-07-25,3.4719,0.12
142/A/NBP/2012,2012-07-24,3.4678,0.43
141/A/NBP/2012,2012-07-23,3.4529,1.67
140/A/NBP/2012,2012-07-20,3.3961,0.18
139/A/NBP/2012,2012-07-19,3.39,-0.15
138/A/NBP/2012,2012-07-18,3.395,-0.07
137/A/NBP/2012,2012-07-17,3.3973,-1.11
136/A/NBP/2012,2012-07-16,3.4353,-0.32
135/A/NBP/2012,2012-07-13,3.4463,0.23
134/A/NBP/2012,2012-07-12,3.4383,1.11
133/A/NBP/2012,2012-07-11,3.4007,-0.4
132/A/NBP/2012,2012-07-10,3.4145,-1.14
131/A/NBP/2012,2012-07-09,3.4538,1.41
130/A/NBP/2012,2012-07-06,3.4057,0.93
129/A/NBP/2012,2012-07-05,3.3743,0.98
128/A/NBP/2012,2012-07-04,3.3415,-0.04
127/A/NBP/2012,2012-07-03,3.3427,-0.09
126/A/NBP/2012,2012-07-02,3.3456,-1.27
125/A/NBP/2012,2012-06-29,3.3885,-1.52
124/A/NBP/2012,2012-06-28,3.4408,1.16
123/A/NBP/2012,2012-06-27,3.4015,-0.21
122/A/NBP/2012,2012-06-26,3.4088,-0.05
121/A/NBP/2012,2012-06-25,3.4105,0.24
120/A/NBP/2012,2012-06-22,3.4025,1.21
119/A/NBP/2012,2012-06-21,3.3617,0.44
118/A/NBP/2012,2012-06-20,3.3471,-1.31
117/A/NBP/2012,2012-06-19,3.3916,0.52
116/A/NBP/2012,2012-06-18,3.3741,-0.68
115/A/NBP/2012,2012-06-15,3.3971,-1.3
114/A/NBP/2012,2012-06-14,3.442,-0.49
113/A/NBP/2012,2012-06-13,3.4591,0.11
112/A/NBP/2012,2012-06-12,3.4552,1.41
111/A/NBP/2012,2012-06-11,3.4072,-1.43
110/A/NBP/2012,2012-06-08,3.4566,-0.39
109/A/NBP/2012,2012-06-06,3.4703,-1.86
108/A/NBP/2012,2012-06-05,3.5359,-0.2
107/A/NBP/2012,2012-06-04,3.5431,-0.97
106/A/NBP/2012,2012-06-01,3.5777,1.14
105/A/NBP/2012,2012-05-31,3.5372,0.66
104/A/NBP/2012,2012-05-30,3.5139,1.34
103/A/NBP/2012,2012-05-29,3.4675,0.41
102/A/NBP/2012,2012-05-28,3.4535,-0.16
101/A/NBP/2012,2012-05-25,3.4589,-0.55
100/A/NBP/2012,2012-05-24,3.4779,0.93
99/A/NBP/2012,2012-05-23,3.446,1.92
98/A/NBP/2012,2012-05-22,3.3811,-0.34
97/A/NBP/2012,2012-05-21,3.3928,-1.46
96/A/NBP/2012,2012-05-18,3.4431,0.69
95/A/NBP/2012,2012-05-17,3.4194,-0.46
94/A/NBP/2012,2012-05-16,3.4353,2.31
93/A/NBP/2012,2012-05-15,3.3579,0.47
92/A/NBP/2012,2012-05-14,3.3422,2.01
91/A/NBP/2012,2012-05-11,3.2765,0.09
90/A/NBP/2012,2012-05-10,3.2735,1
89/A/NBP/2012,2012-05-09,3.2412,0.54
88/A/NBP/2012,2012-05-08,3.2238,-0.13
87/A/NBP/2012,2012-05-07,3.2279,1.22
86/A/NBP/2012,2012-05-04,3.1891,0.94
85/A/NBP/2012,2012-05-02,3.1593,0.27
84/A/NBP/2012,2012-04-30,3.1509,-0.5
83/A/NBP/2012,2012-04-27,3.1666,0.21
82/A/NBP/2012,2012-04-26,3.1599,-0.24
81/A/NBP/2012,2012-04-25,3.1675,-0.85
80/A/NBP/2012,2012-04-24,3.1946,-0.08
79/A/NBP/2012,2012-04-23,3.1972,0.45
78/A/NBP/2012,2012-04-20,3.1828,-0.16
77/A/NBP/2012,2012-04-19,3.1879,-0.07
76/A/NBP/2012,2012-04-18,3.1902,0.09
75/A/NBP/2012,2012-04-17,3.1872,-1.29
74/A/NBP/2012,2012-04-16,3.2289,1.65
73/A/NBP/2012,2012-04-13,3.1765,-0.17
72/A/NBP/2012,2012-04-12,3.1818,-0.67
71/A/NBP/2012,2012-04-11,3.2034,0.41
70/A/NBP/2012,2012-04-10,3.1904,0.28
69/A/NBP/2012,2012-04-06,3.1814,0.43
68/A/NBP/2012,2012-04-05,3.1678,0.56
67/A/NBP/2012,2012-04-04,3.1503,1.66
66/A/NBP/2012,2012-04-03,3.099,-0.09
65/A/NBP/2012,2012-04-02,3.1017,-0.56
64/A/NBP/2012,2012-03-30,3.1191,-0.14
63/A/NBP/2012,2012-03-29,3.1234,0.43
62/A/NBP/2012,2012-03-28,3.11,0.52
61/A/NBP/2012,2012-03-27,3.0939,-1.3
60/A/NBP/2012,2012-03-26,3.1348,-0.22
59/A/NBP/2012,2012-03-23,3.1417,-0.83
58/A/NBP/2012,2012-03-22,3.168,1.63
57/A/NBP/2012,2012-03-21,3.1173,-0.37
56/A/NBP/2012,2012-03-20,3.1288,-0.23
55/A/NBP/2012,2012-03-19,3.1361,-1.03
54/A/NBP/2012,2012-03-16,3.1688,-0.11
53/A/NBP/2012,2012-03-15,3.1723,0.08
52/A/NBP/2012,2012-03-14,3.1699,1.31
51/A/NBP/2012,2012-03-13,3.1288,0.01
50/A/NBP/2012,2012-03-12,3.1285,0.51
49/A/NBP/2012,2012-03-09,3.1126,-0.3
48/A/NBP/2012,2012-03-08,3.122,-1.3
47/A/NBP/2012,2012-03-07,3.1631,0.23
46/A/NBP/2012,2012-03-06,3.1557,0.64
45/A/NBP/2012,2012-03-05,3.1355,1.07
44/A/NBP/2012,2012-03-02,3.1023,0.44
43/A/NBP/2012,2012-03-01,3.0887,0.51
42/A/NBP/2012,2012-02-29,3.073,-0.8
41/A/NBP/2012,2012-02-28,3.0977,-0.64
40/A/NBP/2012,2012-02-27,3.1176,0.23
39/A/NBP/2012,2012-02-24,3.1103,-0.88
38/A/NBP/2012,2012-02-23,3.138,-0.81
37/A/NBP/2012,2012-02-22,3.1635,0.47
36/A/NBP/2012,2012-02-21,3.1488,-0.35
35/A/NBP/2012,2012-02-20,3.1598,-0.6
34/A/NBP/2012,2012-02-17,3.179,-2.19
33/A/NBP/2012,2012-02-16,3.2502,2.66
32/A/NBP/2012,2012-02-15,3.166,-0.44
31/A/NBP/2012,2012-02-14,3.1801,0.5
30/A/NBP/2012,2012-02-13,3.1643,-0.19
29/A/NBP/2012,2012-02-10,3.1703,0.69
28/A/NBP/2012,2012-02-09,3.1487,0.08
27/A/NBP/2012,2012-02-08,3.1461,-1.08
26/A/NBP/2012,2012-02-07,3.1806,-0.87
25/A/NBP/2012,2012-02-06,3.2084,0.74
24/A/NBP/2012,2012-02-03,3.1848,-0.33
23/A/NBP/2012,2012-02-02,3.1955,0.13
22/A/NBP/2012,2012-02-01,3.1913,-0.37
21/A/NBP/2012,2012-01-31,3.2032,-1.24
20/A/NBP/2012,2012-01-30,3.2433,0.84
19/A/NBP/2012,2012-01-27,3.2163,-0.22
18/A/NBP/2012,2012-01-26,3.2233,-2.29
17/A/NBP/2012,2012-01-25,3.299,0.06
16/A/NBP/2012,2012-01-24,3.297,-1.15
15/A/NBP/2012,2012-01-23,3.3353,-0.55
14/A/NBP/2012,2012-01-20,3.3537,-0.42
13/A/NBP/2012,2012-01-19,3.3678,-0.95
12/A/NBP/2012,2012-01-18,3.4,-0.63
11/A/NBP/2012,2012-01-17,3.4215,-1.68
10/A/NBP/2012,2012-01-16,3.4798,1.38
9/A/NBP/2012,2012-01-13,3.4323,-1.78
8/A/NBP/2012,2012-01-12,3.4945,0.07
7/A/NBP/2012,2012-01-11,3.4919,-0.47
6/A/NBP/2012,2012-01-10,3.5083,-0.19
5/A/NBP/2012,2012-01-09,3.515,0.2
4/A/NBP/2012,2012-01-05,3.5081,2.22
3/A/NBP/2012,2012-01-04,3.432,0.13
2/A/NBP/2012,2012-01-03,3.4277,-0.51
1/A/NBP/2012,2012-01-02,3.4454,0.82
252/A/NBP/2011,2011-12-30,3.4174,0.14
251/A/NBP/2011,2011-12-29,3.4126,1.54
250/A/NBP/2011,2011-12-28,3.3608,-0.53
249/A/NBP/2011,2011-12-27,3.3788,-0.57
248/A/NBP/2011,2011-12-23,3.398,0.14
247/A/NBP/2011,2011-12-22,3.3933,0.41
246/A/NBP/2011,2011-12-21,3.3793,-1.04
245/A/NBP/2011,2011-12-20,3.4148,-0.93
244/A/NBP/2011,2011-12-19,3.447,-0.34
243/A/NBP/2011,2011-12-16,3.4586,-1.37
242/A/NBP/2011,2011-12-15,3.5066,0.25
241/A/NBP/2011,2011-12-14,3.4977,1.13
240/A/NBP/2011,2011-12-13,3.4587,1.38
239/A/NBP/2011,2011-12-12,3.4117,0.71
238/A/NBP/2011,2011-12-09,3.3875,1.55
237/A/NBP/2011,2011-12-08,3.3359,0.15
236/A/NBP/2011,2011-12-07,3.331,-0.36
235/A/NBP/2011,2011-12-06,3.3429,0.46
234/A/NBP/2011,2011-12-05,3.3276,0.12
233/A/NBP/2011,2011-12-02,3.3235,-0.49
232/A/NBP/2011,2011-12-01,3.34,-2.48
231/A/NBP/2011,2011-11-30,3.4248,0.96
230/A/NBP/2011,2011-11-29,3.3924,0.65
229/A/NBP/2011,2011-11-28,3.3705,-0.87
228/A/NBP/2011,2011-11-25,3.4001,1.54
227/A/NBP/2011,2011-11-24,3.3486,0.89
226/A/NBP/2011,2011-11-23,3.3191,0.95
225/A/NBP/2011,2011-11-22,3.288,-0.32
224/A/NBP/2011,2011-11-21,3.2984,0.81
223/A/NBP/2011,2011-11-18,3.2718,-0.75
222/A/NBP/2011,2011-11-17,3.2965,1.05
221/A/NBP/2011,2011-11-16,3.2621,0.29
220/A/NBP/2011,2011-11-15,3.2526,1.23
219/A/NBP/2011,2011-11-14,3.2132,-0.25
218/A/NBP/2011,2011-11-10,3.2213,0.9
217/A/NBP/2011,2011-11-09,3.1925,0.77
216/A/NBP/2011,2011-11-08,3.1681,-0.73
215/A/NBP/2011,2011-11-07,3.1913,1.68
214/A/NBP/2011,2011-11-04,3.1385,-1.31
213/A/NBP/2011,2011-11-03,3.18,-0.91
212/A/NBP/2011,2011-11-02,3.2093,3.45
211/A/NBP/2011,2011-10-31,3.1024,0
